"","variable","value"
"1","P1",4
"2","P1",4
"3","P1",12
"4","P1",2
"5","P1",2
"6","P1",3
"7","P1",2
"8","P1",4
"9","P1",5
"10","P1",12
"11","P1",12
"12","P1",2
"13","P1",12
"14","P1",4
"15","P1",4
"16","P1",12
"17","P1",3
"18","P1",4
"19","P1",3
"20","P1",4
"21","P1",3
"22","P1",4
"23","P1",5
"24","P1",2
"25","P1",5
"26","P1",3
"27","P1",4
"28","P1",3
"29","P1",4
"30","P1",12
"31","P1",4
"32","P1",4
"33","P1",4
"34","P1",4
"35","P1",5
"36","P1",12
"37","P1",1
"38","P1",2
"39","P1",12
"40","P1",12
"41","P1",4
"42","P1",12
"43","P1",2
"44","P1",4
"45","P1",3
"46","P1",6
"47","P1",4
"48","P1",2
"49","P1",12
"50","P1",4
"51","P1",3
"52","P1",3
"53","P1",4
"54","P1",2
"55","P1",4
"56","P1",3
"57","P1",4
"58","P1",4
"59","P1",2
"60","P1",4
"61","P1",4
"62","P1",4
"63","P1",1
"64","P1",6
"65","P1",4
"66","P1",2
"67","P1",3
"68","P1",2
"69","P1",3
"70","P1",3
"71","P1",2
"72","P1",9
"73","P1",6
"74","P1",3
"75","P1",12
"76","P1",2
"77","P1",1
"78","P1",3
"79","P1",2
"80","P1",3
"81","P1",1
"82","P1",4
"83","P1",2
"84","P1",6
"85","P1",1
"86","P1",2
"87","P1",3
"88","P1",2
"89","P1",1
"90","P1",3
"91","P1",3
"92","P1",1
"93","P1",3
"94","P1",2
"95","P1",4
"96","P1",3
"97","P1",3
"98","P1",3
"99","P1",4
"100","P1",2
"101","P1",4
"102","P1",6
"103","P1",3
"104","P1",4
"105","P1",4
"106","P1",4
"107","P1",3
"108","P1",3
"109","P1",2
"110","P1",2
"111","P1",2
"112","P1",2
"113","P1",9
"114","P1",4
"115","P1",3
"116","P1",9
"117","P1",2
"118","P1",2
"119","P1",1
"120","P1",2
"121","P1",3
"122","P1",2
"123","P1",2
"124","P1",1
"125","P1",2
"126","P1",2
"127","P1",3
"128","P1",2
"129","P1",4
"130","P1",2
"131","P1",3
"132","P1",3
"133","P1",2
"134","P1",6
"135","P1",9
"136","P1",2
"137","P1",2
"138","P2",5
"139","P2",5
"140","P2",7.5
"141","P2",4
"142","P2",4
"143","P2",5
"144","P2",3
"145","P2",5
"146","P2",5
"147","P2",7.5
"148","P2",7.5
"149","P2",4
"150","P2",7.5
"151","P2",5
"152","P2",5
"153","P2",7.5
"154","P2",5
"155","P2",5
"156","P2",4
"157","P2",5
"158","P2",5
"159","P2",5
"160","P2",5
"161","P2",2
"162","P2",5
"163","P2",5
"164","P2",5
"165","P2",5
"166","P2",5
"167","P2",7.5
"168","P2",5
"169","P2",5
"170","P2",5
"171","P2",5
"172","P2",5
"173","P2",7.5
"174","P2",1
"175","P2",4
"176","P2",7.5
"177","P2",7.5
"178","P2",5
"179","P2",7.5
"180","P2",4
"181","P2",5
"182","P2",5
"183","P2",4.5
"184","P2",5
"185","P2",4
"186","P2",7.5
"187","P2",5
"188","P2",5
"189","P2",5
"190","P2",5
"191","P2",4
"192","P2",4
"193","P2",5
"194","P2",5
"195","P2",5
"196","P2",4
"197","P2",5
"198","P2",5
"199","P2",5
"200","P2",1
"201","P2",3
"202","P2",5
"203","P2",4
"204","P2",5
"205","P2",3
"206","P2",5
"207","P2",4
"208","P2",3
"209","P2",7.5
"210","P2",6
"211","P2",5
"212","P2",7.5
"213","P2",2
"214","P2",3
"215","P2",5
"216","P2",4
"217","P2",5
"218","P2",1
"219","P2",5
"220","P2",4
"221","P2",6
"222","P2",2
"223","P2",3
"224","P2",3
"225","P2",3
"226","P2",2
"227","P2",4
"228","P2",4
"229","P2",1
"230","P2",3
"231","P2",2
"232","P2",5
"233","P2",4
"234","P2",5
"235","P2",4
"236","P2",5
"237","P2",4
"238","P2",5
"239","P2",4.5
"240","P2",4
"241","P2",5
"242","P2",4
"243","P2",5
"244","P2",4
"245","P2",3
"246","P2",2
"247","P2",3
"248","P2",2
"249","P2",2
"250","P2",6
"251","P2",5
"252","P2",4
"253","P2",6
"254","P2",2
"255","P2",2
"256","P2",2
"257","P2",4
"258","P2",4
"259","P2",4
"260","P2",4
"261","P2",1
"262","P2",4
"263","P2",3
"264","P2",4
"265","P2",4
"266","P2",4
"267","P2",3
"268","P2",4
"269","P2",4
"270","P2",4
"271","P2",4.5
"272","P2",6
"273","P2",3
"274","P2",3
"275","P3",4
"276","P3",5
"277","P3",6
"278","P3",4
"279","P3",4
"280","P3",4
"281","P3",4
"282","P3",4
"283","P3",4
"284","P3",6
"285","P3",6
"286","P3",4
"287","P3",7.5
"288","P3",4
"289","P3",4
"290","P3",6
"291","P3",4
"292","P3",4
"293","P3",4
"294","P3",4
"295","P3",4
"296","P3",4
"297","P3",4
"298","P3",4
"299","P3",3
"300","P3",4
"301","P3",4
"302","P3",4
"303","P3",4
"304","P3",6
"305","P3",4
"306","P3",4
"307","P3",5
"308","P3",4
"309","P3",4
"310","P3",6
"311","P3",4
"312","P3",4
"313","P3",6
"314","P3",7.5
"315","P3",4
"316","P3",6
"317","P3",4
"318","P3",4
"319","P3",4
"320","P3",6
"321","P3",4
"322","P3",3
"323","P3",6
"324","P3",3
"325","P3",4
"326","P3",5
"327","P3",5
"328","P3",4
"329","P3",5
"330","P3",4
"331","P3",4
"332","P3",4
"333","P3",4
"334","P3",4
"335","P3",4
"336","P3",4
"337","P3",4
"338","P3",6
"339","P3",4
"340","P3",4
"341","P3",4
"342","P3",4
"343","P3",4
"344","P3",4
"345","P3",5
"346","P3",6
"347","P3",4.5
"348","P3",5
"349","P3",6
"350","P3",4
"351","P3",0
"352","P3",3
"353","P3",5
"354","P3",4
"355","P3",4
"356","P3",4
"357","P3",3
"358","P3",6
"359","P3",5
"360","P3",4
"361","P3",6
"362","P3",4
"363","P3",5
"364","P3",3
"365","P3",5
"366","P3",4
"367","P3",4
"368","P3",4
"369","P3",4
"370","P3",4
"371","P3",4
"372","P3",4
"373","P3",2
"374","P3",2
"375","P3",2
"376","P3",6
"377","P3",4
"378","P3",5
"379","P3",5
"380","P3",5
"381","P3",3
"382","P3",4
"383","P3",4
"384","P3",4
"385","P3",4
"386","P3",4
"387","P3",6
"388","P3",4
"389","P3",4
"390","P3",6
"391","P3",4
"392","P3",4
"393","P3",5
"394","P3",5
"395","P3",3
"396","P3",4
"397","P3",4
"398","P3",3
"399","P3",4
"400","P3",4
"401","P3",4
"402","P3",4
"403","P3",4
"404","P3",4
"405","P3",4
"406","P3",4
"407","P3",4
"408","P3",6
"409","P3",6
"410","P3",3
"411","P3",4
"412","P4",4
"413","P4",4
"414","P4",6
"415","P4",4
"416","P4",5
"417","P4",4
"418","P4",4
"419","P4",5
"420","P4",4
"421","P4",6
"422","P4",6
"423","P4",4
"424","P4",6
"425","P4",4
"426","P4",5
"427","P4",6
"428","P4",4
"429","P4",4
"430","P4",5
"431","P4",4
"432","P4",4
"433","P4",4
"434","P4",5
"435","P4",4
"436","P4",5
"437","P4",4
"438","P4",4
"439","P4",4
"440","P4",4
"441","P4",7.5
"442","P4",4
"443","P4",4
"444","P4",4
"445","P4",4
"446","P4",4
"447","P4",6
"448","P4",3
"449","P4",4
"450","P4",6
"451","P4",4.5
"452","P4",4
"453","P4",6
"454","P4",4
"455","P4",5
"456","P4",4
"457","P4",6
"458","P4",5
"459","P4",4
"460","P4",6
"461","P4",5
"462","P4",4
"463","P4",3
"464","P4",3
"465","P4",4
"466","P4",3
"467","P4",3
"468","P4",3
"469","P4",4
"470","P4",4
"471","P4",3
"472","P4",3
"473","P4",3
"474","P4",4
"475","P4",6
"476","P4",5
"477","P4",4
"478","P4",5
"479","P4",3
"480","P4",5
"481","P4",5
"482","P4",3
"483","P4",7.5
"484","P4",7.5
"485","P4",3
"486","P4",6
"487","P4",4
"488","P4",5
"489","P4",5
"490","P4",4
"491","P4",5
"492","P4",4
"493","P4",4
"494","P4",5
"495","P4",4.5
"496","P4",4
"497","P4",3
"498","P4",6
"499","P4",4
"500","P4",3
"501","P4",4
"502","P4",4
"503","P4",3
"504","P4",4
"505","P4",4
"506","P4",3
"507","P4",4
"508","P4",4
"509","P4",4
"510","P4",4
"511","P4",5
"512","P4",5
"513","P4",7.5
"514","P4",4
"515","P4",4
"516","P4",5
"517","P4",4
"518","P4",4
"519","P4",4
"520","P4",4
"521","P4",4
"522","P4",3
"523","P4",4
"524","P4",6
"525","P4",4
"526","P4",4
"527","P4",6
"528","P4",3
"529","P4",5
"530","P4",4
"531","P4",4
"532","P4",4
"533","P4",4
"534","P4",4
"535","P4",3
"536","P4",4
"537","P4",4
"538","P4",3
"539","P4",4
"540","P4",4
"541","P4",4
"542","P4",4
"543","P4",4
"544","P4",4
"545","P4",6
"546","P4",6
"547","P4",5
"548","P4",4
"549","P5",2
"550","P5",1
"551","P5",4
"552","P5",2
"553","P5",1
"554","P5",2
"555","P5",1
"556","P5",2
"557","P5",2
"558","P5",2
"559","P5",2
"560","P5",2
"561","P5",2
"562","P5",1
"563","P5",2
"564","P5",2
"565","P5",2
"566","P5",1
"567","P5",2
"568","P5",1
"569","P5",2
"570","P5",1
"571","P5",1
"572","P5",2
"573","P5",2
"574","P5",2
"575","P5",2
"576","P5",2
"577","P5",1
"578","P5",2
"579","P5",2
"580","P5",1
"581","P5",1
"582","P5",2
"583","P5",1
"584","P5",4
"585","P5",1
"586","P5",1
"587","P5",2
"588","P5",2
"589","P5",2
"590","P5",2
"591","P5",1
"592","P5",2
"593","P5",1
"594","P5",4
"595","P5",1
"596","P5",2
"597","P5",2
"598","P5",2
"599","P5",2
"600","P5",1
"601","P5",1
"602","P5",2
"603","P5",1
"604","P5",1
"605","P5",1
"606","P5",2
"607","P5",2
"608","P5",1
"609","P5",1
"610","P5",1
"611","P5",1
"612","P5",4
"613","P5",2
"614","P5",1
"615","P5",2
"616","P5",1
"617","P5",3
"618","P5",3
"619","P5",1
"620","P5",8
"621","P5",8
"622","P5",1
"623","P5",2
"624","P5",2
"625","P5",5
"626","P5",3
"627","P5",1
"628","P5",3
"629","P5",2
"630","P5",1
"631","P5",4
"632","P5",2
"633","P5",1
"634","P5",1
"635","P5",4
"636","P5",2
"637","P5",1
"638","P5",3
"639","P5",2
"640","P5",1
"641","P5",2
"642","P5",1
"643","P5",1
"644","P5",2
"645","P5",1
"646","P5",1
"647","P5",2
"648","P5",2
"649","P5",2
"650","P5",6
"651","P5",2
"652","P5",2
"653","P5",2
"654","P5",2
"655","P5",2
"656","P5",2
"657","P5",3
"658","P5",2
"659","P5",2
"660","P5",2
"661","P5",4
"662","P5",2
"663","P5",2
"664","P5",4
"665","P5",1
"666","P5",4
"667","P5",1
"668","P5",1
"669","P5",2
"670","P5",2
"671","P5",2
"672","P5",2
"673","P5",2
"674","P5",2
"675","P5",1
"676","P5",2
"677","P5",1
"678","P5",2
"679","P5",1
"680","P5",1
"681","P5",1
"682","P5",4
"683","P5",4
"684","P5",4
"685","P5",2
"686","P6",2
"687","P6",5
"688","P6",4
"689","P6",5
"690","P6",3
"691","P6",5
"692","P6",5
"693","P6",3
"694","P6",2
"695","P6",8
"696","P6",8
"697","P6",5
"698","P6",10
"699","P6",3
"700","P6",4
"701","P6",10
"702","P6",5
"703","P6",4
"704","P6",2
"705","P6",3
"706","P6",5
"707","P6",3
"708","P6",4
"709","P6",2
"710","P6",2
"711","P6",5
"712","P6",3
"713","P6",2
"714","P6",3
"715","P6",8
"716","P6",2
"717","P6",3
"718","P6",5
"719","P6",4
"720","P6",3
"721","P6",6
"722","P6",2
"723","P6",3
"724","P6",8
"725","P6",10
"726","P6",3
"727","P6",10
"728","P6",4
"729","P6",2
"730","P6",4
"731","P6",8
"732","P6",3
"733","P6",3
"734","P6",8
"735","P6",2
"736","P6",2
"737","P6",2
"738","P6",2
"739","P6",3
"740","P6",3
"741","P6",2
"742","P6",2
"743","P6",3
"744","P6",2
"745","P6",2
"746","P6",3
"747","P6",3
"748","P6",2
"749","P6",4
"750","P6",2
"751","P6",2
"752","P6",3
"753","P6",5
"754","P6",4
"755","P6",4
"756","P6",5
"757","P6",6
"758","P6",10
"759","P6",5
"760","P6",6
"761","P6",1
"762","P6",5
"763","P6",4
"764","P6",2
"765","P6",3
"766","P6",1
"767","P6",2
"768","P6",5
"769","P6",8
"770","P6",2
"771","P6",4
"772","P6",2
"773","P6",2
"774","P6",2
"775","P6",2
"776","P6",2
"777","P6",1
"778","P6",2
"779","P6",2
"780","P6",2
"781","P6",2
"782","P6",2
"783","P6",2
"784","P6",2
"785","P6",3
"786","P6",2
"787","P6",4
"788","P6",2
"789","P6",2
"790","P6",2
"791","P6",2
"792","P6",2
"793","P6",2
"794","P6",1
"795","P6",1
"796","P6",1
"797","P6",2
"798","P6",6
"799","P6",2
"800","P6",3
"801","P6",4
"802","P6",1
"803","P6",2
"804","P6",2
"805","P6",1
"806","P6",1
"807","P6",3
"808","P6",2
"809","P6",1
"810","P6",2
"811","P6",2
"812","P6",2
"813","P6",2
"814","P6",2
"815","P6",2
"816","P6",2
"817","P6",2
"818","P6",2
"819","P6",4
"820","P6",6
"821","P6",2
"822","P6",1
"823","P7",5
"824","P7",5
"825","P7",10
"826","P7",5
"827","P7",5
"828","P7",5
"829","P7",5
"830","P7",5
"831","P7",5
"832","P7",10
"833","P7",10
"834","P7",5
"835","P7",10
"836","P7",5
"837","P7",5
"838","P7",10
"839","P7",5
"840","P7",5
"841","P7",5
"842","P7",5
"843","P7",5
"844","P7",5
"845","P7",5
"846","P7",5
"847","P7",5
"848","P7",5
"849","P7",5
"850","P7",5
"851","P7",5
"852","P7",10
"853","P7",5
"854","P7",5
"855","P7",5
"856","P7",5
"857","P7",5
"858","P7",10
"859","P7",1
"860","P7",5
"861","P7",10
"862","P7",10
"863","P7",5
"864","P7",10
"865","P7",5
"866","P7",5
"867","P7",5
"868","P7",10
"869","P7",5
"870","P7",5
"871","P7",10
"872","P7",5
"873","P7",5
"874","P7",5
"875","P7",5
"876","P7",5
"877","P7",5
"878","P7",5
"879","P7",5
"880","P7",5
"881","P7",5
"882","P7",5
"883","P7",5
"884","P7",5
"885","P7",1
"886","P7",10
"887","P7",5
"888","P7",5
"889","P7",5
"890","P7",5
"891","P7",5
"892","P7",5
"893","P7",5
"894","P7",10
"895","P7",10
"896","P7",5
"897","P7",10
"898","P7",5
"899","P7",1
"900","P7",5
"901","P7",5
"902","P7",5
"903","P7",1
"904","P7",5
"905","P7",5
"906","P7",10
"907","P7",1
"908","P7",5
"909","P7",2
"910","P7",5
"911","P7",1
"912","P7",5
"913","P7",5
"914","P7",1
"915","P7",5
"916","P7",5
"917","P7",5
"918","P7",5
"919","P7",5
"920","P7",5
"921","P7",5
"922","P7",5
"923","P7",5
"924","P7",10
"925","P7",5
"926","P7",5
"927","P7",5
"928","P7",5
"929","P7",5
"930","P7",5
"931","P7",4
"932","P7",5
"933","P7",5
"934","P7",4
"935","P7",10
"936","P7",5
"937","P7",5
"938","P7",10
"939","P7",1
"940","P7",5
"941","P7",1
"942","P7",3
"943","P7",5
"944","P7",5
"945","P7",5
"946","P7",1
"947","P7",5
"948","P7",5
"949","P7",5
"950","P7",5
"951","P7",5
"952","P7",5
"953","P7",5
"954","P7",5
"955","P7",5
"956","P7",10
"957","P7",10
"958","P7",4
"959","P7",1
"960","P8",4
"961","P8",3
"962","P8",8
"963","P8",4
"964","P8",4
"965","P8",4
"966","P8",5
"967","P8",4
"968","P8",4
"969","P8",10
"970","P8",10
"971","P8",5
"972","P8",8
"973","P8",5
"974","P8",4
"975","P8",10
"976","P8",4
"977","P8",5
"978","P8",5
"979","P8",5
"980","P8",5
"981","P8",4
"982","P8",3
"983","P8",5
"984","P8",5
"985","P8",4
"986","P8",4
"987","P8",1
"988","P8",5
"989","P8",8
"990","P8",4
"991","P8",5
"992","P8",5
"993","P8",4
"994","P8",5
"995","P8",8
"996","P8",5
"997","P8",4
"998","P8",10
"999","P8",10
"1000","P8",5
"1001","P8",10
"1002","P8",5
"1003","P8",5
"1004","P8",4
"1005","P8",10
"1006","P8",5
"1007","P8",5
"1008","P8",8
"1009","P8",4
"1010","P8",3
"1011","P8",5
"1012","P8",4
"1013","P8",5
"1014","P8",5
"1015","P8",5
"1016","P8",5
"1017","P8",4
"1018","P8",4
"1019","P8",4
"1020","P8",5
"1021","P8",5
"1022","P8",5
"1023","P8",8
"1024","P8",3
"1025","P8",5
"1026","P8",3
"1027","P8",5
"1028","P8",4
"1029","P8",4
"1030","P8",5
"1031","P8",10
"1032","P8",8
"1033","P8",5
"1034","P8",8
"1035","P8",4
"1036","P8",5
"1037","P8",4
"1038","P8",5
"1039","P8",4
"1040","P8",4
"1041","P8",5
"1042","P8",4
"1043","P8",10
"1044","P8",4
"1045","P8",5
"1046","P8",8
"1047","P8",4
"1048","P8",5
"1049","P8",4
"1050","P8",4
"1051","P8",4
"1052","P8",4
"1053","P8",5
"1054","P8",4
"1055","P8",5
"1056","P8",5
"1057","P8",2
"1058","P8",4
"1059","P8",5
"1060","P8",4
"1061","P8",10
"1062","P8",4
"1063","P8",4
"1064","P8",5
"1065","P8",4
"1066","P8",5
"1067","P8",4
"1068","P8",5
"1069","P8",5
"1070","P8",4
"1071","P8",4
"1072","P8",10
"1073","P8",4
"1074","P8",5
"1075","P8",8
"1076","P8",4
"1077","P8",5
"1078","P8",5
"1079","P8",4
"1080","P8",5
"1081","P8",5
"1082","P8",5
"1083","P8",5
"1084","P8",3
"1085","P8",5
"1086","P8",5
"1087","P8",5
"1088","P8",4
"1089","P8",5
"1090","P8",5
"1091","P8",4
"1092","P8",5
"1093","P8",8
"1094","P8",6
"1095","P8",4
"1096","P8",4
"1097","P9",5
"1098","P9",4
"1099","P9",10
"1100","P9",5
"1101","P9",5
"1102","P9",5
"1103","P9",5
"1104","P9",4
"1105","P9",4
"1106","P9",10
"1107","P9",8
"1108","P9",5
"1109","P9",8
"1110","P9",5
"1111","P9",4
"1112","P9",10
"1113","P9",5
"1114","P9",5
"1115","P9",5
"1116","P9",5
"1117","P9",5
"1118","P9",4
"1119","P9",4
"1120","P9",5
"1121","P9",5
"1122","P9",5
"1123","P9",4
"1124","P9",4
"1125","P9",4
"1126","P9",8
"1127","P9",4
"1128","P9",5
"1129","P9",4
"1130","P9",4
"1131","P9",4
"1132","P9",8
"1133","P9",5
"1134","P9",5
"1135","P9",10
"1136","P9",10
"1137","P9",5
"1138","P9",10
"1139","P9",5
"1140","P9",5
"1141","P9",5
"1142","P9",10
"1143","P9",5
"1144","P9",5
"1145","P9",8
"1146","P9",4
"1147","P9",4
"1148","P9",5
"1149","P9",5
"1150","P9",5
"1151","P9",5
"1152","P9",5
"1153","P9",5
"1154","P9",4
"1155","P9",4
"1156","P9",4
"1157","P9",5
"1158","P9",5
"1159","P9",5
"1160","P9",10
"1161","P9",4
"1162","P9",5
"1163","P9",5
"1164","P9",5
"1165","P9",4
"1166","P9",4
"1167","P9",5
"1168","P9",8
"1169","P9",8
"1170","P9",5
"1171","P9",10
"1172","P9",5
"1173","P9",5
"1174","P9",4
"1175","P9",5
"1176","P9",4
"1177","P9",4
"1178","P9",5
"1179","P9",4
"1180","P9",10
"1181","P9",5
"1182","P9",5
"1183","P9",10
"1184","P9",5
"1185","P9",5
"1186","P9",4
"1187","P9",5
"1188","P9",5
"1189","P9",5
"1190","P9",5
"1191","P9",4
"1192","P9",5
"1193","P9",5
"1194","P9",4
"1195","P9",4
"1196","P9",5
"1197","P9",4
"1198","P9",10
"1199","P9",5
"1200","P9",5
"1201","P9",5
"1202","P9",5
"1203","P9",5
"1204","P9",5
"1205","P9",5
"1206","P9",5
"1207","P9",5
"1208","P9",5
"1209","P9",10
"1210","P9",4
"1211","P9",5
"1212","P9",10
"1213","P9",5
"1214","P9",5
"1215","P9",4
"1216","P9",4
"1217","P9",5
"1218","P9",5
"1219","P9",4
"1220","P9",5
"1221","P9",4
"1222","P9",5
"1223","P9",5
"1224","P9",5
"1225","P9",5
"1226","P9",5
"1227","P9",5
"1228","P9",4
"1229","P9",5
"1230","P9",10
"1231","P9",8
"1232","P9",4
"1233","P9",4
"1234","P10",5
"1235","P10",5
"1236","P10",10
"1237","P10",4
"1238","P10",5
"1239","P10",4
"1240","P10",5
"1241","P10",4
"1242","P10",4
"1243","P10",10
"1244","P10",8
"1245","P10",5
"1246","P10",10
"1247","P10",5
"1248","P10",4
"1249","P10",10
"1250","P10",4
"1251","P10",5
"1252","P10",5
"1253","P10",5
"1254","P10",5
"1255","P10",5
"1256","P10",4
"1257","P10",5
"1258","P10",4
"1259","P10",4
"1260","P10",4
"1261","P10",4
"1262","P10",4
"1263","P10",8
"1264","P10",4
"1265","P10",5
"1266","P10",4
"1267","P10",4
"1268","P10",4
"1269","P10",8
"1270","P10",5
"1271","P10",5
"1272","P10",10
"1273","P10",10
"1274","P10",5
"1275","P10",10
"1276","P10",5
"1277","P10",5
"1278","P10",4
"1279","P10",10
"1280","P10",5
"1281","P10",4
"1282","P10",8
"1283","P10",5
"1284","P10",5
"1285","P10",5
"1286","P10",5
"1287","P10",4
"1288","P10",5
"1289","P10",5
"1290","P10",5
"1291","P10",5
"1292","P10",5
"1293","P10",5
"1294","P10",5
"1295","P10",5
"1296","P10",5
"1297","P10",10
"1298","P10",5
"1299","P10",5
"1300","P10",4
"1301","P10",5
"1302","P10",4
"1303","P10",4
"1304","P10",5
"1305","P10",8
"1306","P10",8
"1307","P10",5
"1308","P10",10
"1309","P10",5
"1310","P10",5
"1311","P10",4
"1312","P10",5
"1313","P10",5
"1314","P10",4
"1315","P10",5
"1316","P10",4
"1317","P10",8
"1318","P10",5
"1319","P10",5
"1320","P10",10
"1321","P10",5
"1322","P10",5
"1323","P10",4
"1324","P10",5
"1325","P10",5
"1326","P10",5
"1327","P10",5
"1328","P10",5
"1329","P10",5
"1330","P10",5
"1331","P10",5
"1332","P10",4
"1333","P10",5
"1334","P10",4
"1335","P10",10
"1336","P10",5
"1337","P10",5
"1338","P10",5
"1339","P10",5
"1340","P10",5
"1341","P10",5
"1342","P10",5
"1343","P10",5
"1344","P10",5
"1345","P10",5
"1346","P10",10
"1347","P10",5
"1348","P10",5
"1349","P10",10
"1350","P10",5
"1351","P10",5
"1352","P10",4
"1353","P10",4
"1354","P10",5
"1355","P10",4
"1356","P10",4
"1357","P10",5
"1358","P10",4
"1359","P10",5
"1360","P10",5
"1361","P10",5
"1362","P10",5
"1363","P10",5
"1364","P10",5
"1365","P10",5
"1366","P10",5
"1367","P10",10
"1368","P10",10
"1369","P10",4
"1370","P10",5
"1371","P11",3
"1372","P11",5
"1373","P11",6
"1374","P11",3
"1375","P11",3
"1376","P11",3
"1377","P11",2
"1378","P11",4
"1379","P11",4
"1380","P11",4
"1381","P11",4
"1382","P11",2
"1383","P11",8
"1384","P11",2
"1385","P11",3
"1386","P11",4
"1387","P11",3
"1388","P11",2
"1389","P11",2
"1390","P11",2
"1391","P11",2
"1392","P11",4
"1393","P11",5
"1394","P11",2
"1395","P11",2
"1396","P11",3
"1397","P11",4
"1398","P11",5
"1399","P11",2
"1400","P11",10
"1401","P11",5
"1402","P11",2
"1403","P11",2
"1404","P11",5
"1405","P11",2
"1406","P11",6
"1407","P11",1
"1408","P11",3
"1409","P11",4
"1410","P11",4
"1411","P11",1
"1412","P11",4
"1413","P11",1
"1414","P11",2
"1415","P11",4
"1416","P11",4
"1417","P11",2
"1418","P11",1
"1419","P11",8
"1420","P11",4
"1421","P11",5
"1422","P11",2
"1423","P11",3
"1424","P11",2
"1425","P11",2
"1426","P11",1
"1427","P11",2
"1428","P11",5
"1429","P11",3
"1430","P11",5
"1431","P11",1
"1432","P11",2
"1433","P11",1
"1434","P11",6
"1435","P11",5
"1436","P11",1
"1437","P11",5
"1438","P11",1
"1439","P11",5
"1440","P11",5
"1441","P11",1
"1442","P11",4
"1443","P11",10
"1444","P11",2
"1445","P11",6
"1446","P11",3
"1447","P11",2
"1448","P11",5
"1449","P11",2
"1450","P11",4
"1451","P11",5
"1452","P11",1
"1453","P11",5
"1454","P11",4
"1455","P11",3
"1456","P11",2
"1457","P11",6
"1458","P11",3
"1459","P11",1
"1460","P11",3
"1461","P11",4
"1462","P11",3
"1463","P11",3
"1464","P11",2
"1465","P11",4
"1466","P11",1
"1467","P11",1
"1468","P11",5
"1469","P11",3
"1470","P11",2
"1471","P11",3
"1472","P11",2
"1473","P11",3
"1474","P11",3
"1475","P11",2
"1476","P11",3
"1477","P11",2
"1478","P11",3
"1479","P11",2
"1480","P11",1
"1481","P11",5
"1482","P11",4
"1483","P11",2
"1484","P11",4
"1485","P11",1
"1486","P11",8
"1487","P11",3
"1488","P11",1
"1489","P11",2
"1490","P11",4
"1491","P11",2
"1492","P11",2
"1493","P11",1
"1494","P11",2
"1495","P11",5
"1496","P11",1
"1497","P11",2
"1498","P11",2
"1499","P11",3
"1500","P11",1
"1501","P11",2
"1502","P11",4
"1503","P11",2
"1504","P11",8
"1505","P11",10
"1506","P11",4
"1507","P11",3
"1508","P12",5
"1509","P12",3
"1510","P12",10
"1511","P12",5
"1512","P12",5
"1513","P12",5
"1514","P12",5
"1515","P12",3
"1516","P12",3
"1517","P12",10
"1518","P12",8
"1519","P12",5
"1520","P12",8
"1521","P12",5
"1522","P12",3
"1523","P12",10
"1524","P12",5
"1525","P12",5
"1526","P12",5
"1527","P12",5
"1528","P12",5
"1529","P12",4
"1530","P12",3
"1531","P12",5
"1532","P12",5
"1533","P12",5
"1534","P12",4
"1535","P12",2
"1536","P12",4
"1537","P12",6
"1538","P12",3
"1539","P12",5
"1540","P12",4
"1541","P12",3
"1542","P12",4
"1543","P12",8
"1544","P12",5
"1545","P12",5
"1546","P12",10
"1547","P12",10
"1548","P12",5
"1549","P12",10
"1550","P12",5
"1551","P12",5
"1552","P12",5
"1553","P12",10
"1554","P12",5
"1555","P12",5
"1556","P12",8
"1557","P12",4
"1558","P12",4
"1559","P12",5
"1560","P12",5
"1561","P12",5
"1562","P12",5
"1563","P12",5
"1564","P12",5
"1565","P12",4
"1566","P12",4
"1567","P12",4
"1568","P12",5
"1569","P12",5
"1570","P12",5
"1571","P12",10
"1572","P12",4
"1573","P12",5
"1574","P12",5
"1575","P12",5
"1576","P12",4
"1577","P12",4
"1578","P12",5
"1579","P12",6
"1580","P12",8
"1581","P12",5
"1582","P12",10
"1583","P12",5
"1584","P12",5
"1585","P12",4
"1586","P12",5
"1587","P12",2
"1588","P12",2
"1589","P12",5
"1590","P12",4
"1591","P12",10
"1592","P12",5
"1593","P12",5
"1594","P12",10
"1595","P12",5
"1596","P12",5
"1597","P12",4
"1598","P12",5
"1599","P12",5
"1600","P12",5
"1601","P12",5
"1602","P12",4
"1603","P12",5
"1604","P12",5
"1605","P12",4
"1606","P12",4
"1607","P12",5
"1608","P12",4
"1609","P12",10
"1610","P12",5
"1611","P12",5
"1612","P12",5
"1613","P12",5
"1614","P12",5
"1615","P12",5
"1616","P12",5
"1617","P12",5
"1618","P12",5
"1619","P12",5
"1620","P12",10
"1621","P12",4
"1622","P12",5
"1623","P12",10
"1624","P12",5
"1625","P12",5
"1626","P12",4
"1627","P12",2
"1628","P12",5
"1629","P12",5
"1630","P12",3
"1631","P12",5
"1632","P12",4
"1633","P12",5
"1634","P12",5
"1635","P12",5
"1636","P12",5
"1637","P12",5
"1638","P12",5
"1639","P12",4
"1640","P12",5
"1641","P12",10
"1642","P12",8
"1643","P12",4
"1644","P12",4
"1645","P13",5
"1646","P13",5
"1647","P13",7.5
"1648","P13",4
"1649","P13",5
"1650","P13",4
"1651","P13",5
"1652","P13",4
"1653","P13",4
"1654","P13",7.5
"1655","P13",6
"1656","P13",5
"1657","P13",7.5
"1658","P13",5
"1659","P13",4
"1660","P13",7.5
"1661","P13",4
"1662","P13",5
"1663","P13",5
"1664","P13",5
"1665","P13",5
"1666","P13",5
"1667","P13",4
"1668","P13",5
"1669","P13",4
"1670","P13",4
"1671","P13",4
"1672","P13",4
"1673","P13",4
"1674","P13",6
"1675","P13",4
"1676","P13",5
"1677","P13",4
"1678","P13",4
"1679","P13",4
"1680","P13",6
"1681","P13",5
"1682","P13",5
"1683","P13",7.5
"1684","P13",7.5
"1685","P13",5
"1686","P13",7.5
"1687","P13",5
"1688","P13",5
"1689","P13",4
"1690","P13",7.5
"1691","P13",5
"1692","P13",4
"1693","P13",6
"1694","P13",5
"1695","P13",5
"1696","P13",5
"1697","P13",5
"1698","P13",4
"1699","P13",5
"1700","P13",5
"1701","P13",5
"1702","P13",5
"1703","P13",5
"1704","P13",5
"1705","P13",5
"1706","P13",5
"1707","P13",5
"1708","P13",7.5
"1709","P13",5
"1710","P13",5
"1711","P13",4
"1712","P13",5
"1713","P13",4
"1714","P13",4
"1715","P13",5
"1716","P13",6
"1717","P13",6
"1718","P13",5
"1719","P13",7.5
"1720","P13",5
"1721","P13",5
"1722","P13",4
"1723","P13",5
"1724","P13",5
"1725","P13",4
"1726","P13",5
"1727","P13",4
"1728","P13",6
"1729","P13",5
"1730","P13",5
"1731","P13",7.5
"1732","P13",5
"1733","P13",5
"1734","P13",4
"1735","P13",5
"1736","P13",5
"1737","P13",5
"1738","P13",5
"1739","P13",5
"1740","P13",5
"1741","P13",5
"1742","P13",5
"1743","P13",4
"1744","P13",5
"1745","P13",4
"1746","P13",7.5
"1747","P13",5
"1748","P13",5
"1749","P13",5
"1750","P13",5
"1751","P13",5
"1752","P13",5
"1753","P13",5
"1754","P13",5
"1755","P13",5
"1756","P13",5
"1757","P13",7.5
"1758","P13",5
"1759","P13",5
"1760","P13",7.5
"1761","P13",5
"1762","P13",5
"1763","P13",3
"1764","P13",3
"1765","P13",5
"1766","P13",4
"1767","P13",4
"1768","P13",5
"1769","P13",4
"1770","P13",5
"1771","P13",5
"1772","P13",5
"1773","P13",5
"1774","P13",5
"1775","P13",5
"1776","P13",5
"1777","P13",5
"1778","P13",7.5
"1779","P13",7.5
"1780","P13",4
"1781","P13",5
"1782","P14",1
"1783","P14",3
"1784","P14",0
"1785","P14",4
"1786","P14",0
"1787","P14",0
"1788","P14",3
"1789","P14",0
"1790","P14",0
"1791","P14",0
"1792","P14",0
"1793","P14",2
"1794","P14",0
"1795","P14",0
"1796","P14",0
"1797","P14",3
"1798","P14",0
"1799","P14",0
"1800","P14",0
"1801","P14",0
"1802","P14",0
"1803","P14",0
"1804","P14",0
"1805","P14",0
"1806","P14",4
"1807","P14",0
"1808","P14",4
"1809","P14",4
"1810","P14",3
"1811","P14",15
"1812","P14",0
"1813","P14",2
"1814","P14",3
"1815","P14",5
"1816","P14",0
"1817","P14",0
"1818","P14",1
"1819","P14",0
"1820","P14",15
"1821","P14",3
"1822","P14",0
"1823","P14",9
"1824","P14",0
"1825","P14",0
"1826","P14",0
"1827","P14",6
"1828","P14",0
"1829","P14",2
"1830","P14",12
"1831","P14",0
"1832","P14",3
"1833","P14",2
"1834","P14",4
"1835","P14",0
"1836","P14",3
"1837","P14",0
"1838","P14",3
"1839","P14",0
"1840","P14",0
"1841","P14",2
"1842","P14",2
"1843","P14",1
"1844","P14",1
"1845","P14",9
"1846","P14",0
"1847","P14",0
"1848","P14",3
"1849","P14",1
"1850","P14",1
"1851","P14",0
"1852","P14",1
"1853","P14",3
"1854","P14",0
"1855","P14",0
"1856","P14",6
"1857","P14",0
"1858","P14",0
"1859","P14",0
"1860","P14",0
"1861","P14",1
"1862","P14",0
"1863","P14",0
"1864","P14",0
"1865","P14",0
"1866","P14",0
"1867","P14",0
"1868","P14",0
"1869","P14",0
"1870","P14",0
"1871","P14",0
"1872","P14",5
"1873","P14",0
"1874","P14",0
"1875","P14",0
"1876","P14",0
"1877","P14",0
"1878","P14",0
"1879","P14",0
"1880","P14",0
"1881","P14",0
"1882","P14",0
"1883","P14",0
"1884","P14",3
"1885","P14",3
"1886","P14",0
"1887","P14",0
"1888","P14",2
"1889","P14",1
"1890","P14",0
"1891","P14",0
"1892","P14",0
"1893","P14",0
"1894","P14",0
"1895","P14",0
"1896","P14",0
"1897","P14",0
"1898","P14",0
"1899","P14",0
"1900","P14",0
"1901","P14",0
"1902","P14",0
"1903","P14",4
"1904","P14",0
"1905","P14",0
"1906","P14",0
"1907","P14",3
"1908","P14",0
"1909","P14",0
"1910","P14",3
"1911","P14",0
"1912","P14",0
"1913","P14",5
"1914","P14",0
"1915","P14",6
"1916","P14",9
"1917","P14",0
"1918","P14",0
"1919","P15",2
"1920","P15",4
"1921","P15",0
"1922","P15",4
"1923","P15",0
"1924","P15",0
"1925","P15",4
"1926","P15",0
"1927","P15",0
"1928","P15",0
"1929","P15",0
"1930","P15",2
"1931","P15",0
"1932","P15",0
"1933","P15",0
"1934","P15",10
"1935","P15",0
"1936","P15",0
"1937","P15",0
"1938","P15",0
"1939","P15",0
"1940","P15",0
"1941","P15",0
"1942","P15",0
"1943","P15",4
"1944","P15",0
"1945","P15",4
"1946","P15",4
"1947","P15",4
"1948","P15",8
"1949","P15",0
"1950","P15",3
"1951","P15",4
"1952","P15",5
"1953","P15",0
"1954","P15",0
"1955","P15",1
"1956","P15",0
"1957","P15",10
"1958","P15",4
"1959","P15",0
"1960","P15",8
"1961","P15",0
"1962","P15",0
"1963","P15",0
"1964","P15",4
"1965","P15",0
"1966","P15",2
"1967","P15",10
"1968","P15",0
"1969","P15",2
"1970","P15",2
"1971","P15",4
"1972","P15",0
"1973","P15",2
"1974","P15",0
"1975","P15",2
"1976","P15",0
"1977","P15",0
"1978","P15",2
"1979","P15",2
"1980","P15",2
"1981","P15",1
"1982","P15",8
"1983","P15",0
"1984","P15",0
"1985","P15",4
"1986","P15",1
"1987","P15",1
"1988","P15",0
"1989","P15",1
"1990","P15",2
"1991","P15",0
"1992","P15",0
"1993","P15",4
"1994","P15",0
"1995","P15",0
"1996","P15",0
"1997","P15",0
"1998","P15",3
"1999","P15",0
"2000","P15",0
"2001","P15",0
"2002","P15",0
"2003","P15",0
"2004","P15",0
"2005","P15",0
"2006","P15",0
"2007","P15",0
"2008","P15",0
"2009","P15",4
"2010","P15",0
"2011","P15",0
"2012","P15",0
"2013","P15",0
"2014","P15",0
"2015","P15",0
"2016","P15",0
"2017","P15",0
"2018","P15",0
"2019","P15",0
"2020","P15",0
"2021","P15",5
"2022","P15",4
"2023","P15",0
"2024","P15",0
"2025","P15",1
"2026","P15",5
"2027","P15",0
"2028","P15",0
"2029","P15",0
"2030","P15",0
"2031","P15",0
"2032","P15",0
"2033","P15",0
"2034","P15",0
"2035","P15",0
"2036","P15",0
"2037","P15",0
"2038","P15",0
"2039","P15",0
"2040","P15",1
"2041","P15",0
"2042","P15",0
"2043","P15",0
"2044","P15",2
"2045","P15",0
"2046","P15",0
"2047","P15",5
"2048","P15",0
"2049","P15",0
"2050","P15",5
"2051","P15",0
"2052","P15",4
"2053","P15",10
"2054","P15",0
"2055","P15",0
"2056","P16",2
"2057","P16",5
"2058","P16",0
"2059","P16",5
"2060","P16",0
"2061","P16",0
"2062","P16",4
"2063","P16",0
"2064","P16",0
"2065","P16",0
"2066","P16",0
"2067","P16",5
"2068","P16",0
"2069","P16",0
"2070","P16",0
"2071","P16",15
"2072","P16",0
"2073","P16",0
"2074","P16",0
"2075","P16",0
"2076","P16",0
"2077","P16",0
"2078","P16",0
"2079","P16",0
"2080","P16",4
"2081","P16",0
"2082","P16",3
"2083","P16",4
"2084","P16",4
"2085","P16",12
"2086","P16",0
"2087","P16",3
"2088","P16",2
"2089","P16",5
"2090","P16",0
"2091","P16",0
"2092","P16",1
"2093","P16",0
"2094","P16",15
"2095","P16",9
"2096","P16",0
"2097","P16",12
"2098","P16",0
"2099","P16",0
"2100","P16",0
"2101","P16",12
"2102","P16",0
"2103","P16",2
"2104","P16",12
"2105","P16",0
"2106","P16",3
"2107","P16",4
"2108","P16",3
"2109","P16",0
"2110","P16",4
"2111","P16",0
"2112","P16",3
"2113","P16",0
"2114","P16",0
"2115","P16",4
"2116","P16",4
"2117","P16",2
"2118","P16",2
"2119","P16",12
"2120","P16",0
"2121","P16",0
"2122","P16",4
"2123","P16",2
"2124","P16",2
"2125","P16",0
"2126","P16",3
"2127","P16",9
"2128","P16",0
"2129","P16",0
"2130","P16",9
"2131","P16",0
"2132","P16",0
"2133","P16",0
"2134","P16",0
"2135","P16",3
"2136","P16",0
"2137","P16",0
"2138","P16",0
"2139","P16",0
"2140","P16",0
"2141","P16",0
"2142","P16",0
"2143","P16",0
"2144","P16",0
"2145","P16",0
"2146","P16",5
"2147","P16",0
"2148","P16",0
"2149","P16",0
"2150","P16",0
"2151","P16",0
"2152","P16",0
"2153","P16",0
"2154","P16",0
"2155","P16",0
"2156","P16",0
"2157","P16",0
"2158","P16",5
"2159","P16",3
"2160","P16",0
"2161","P16",0
"2162","P16",2
"2163","P16",4
"2164","P16",0
"2165","P16",0
"2166","P16",0
"2167","P16",0
"2168","P16",0
"2169","P16",0
"2170","P16",0
"2171","P16",0
"2172","P16",0
"2173","P16",0
"2174","P16",0
"2175","P16",0
"2176","P16",0
"2177","P16",2
"2178","P16",0
"2179","P16",0
"2180","P16",0
"2181","P16",4
"2182","P16",0
"2183","P16",0
"2184","P16",5
"2185","P16",0
"2186","P16",0
"2187","P16",3
"2188","P16",0
"2189","P16",9
"2190","P16",15
"2191","P16",0
"2192","P16",0
"2193","P17",2
"2194","P17",5
"2195","P17",0
"2196","P17",5
"2197","P17",0
"2198","P17",0
"2199","P17",3
"2200","P17",0
"2201","P17",0
"2202","P17",0
"2203","P17",0
"2204","P17",2
"2205","P17",0
"2206","P17",0
"2207","P17",0
"2208","P17",3
"2209","P17",0
"2210","P17",0
"2211","P17",0
"2212","P17",0
"2213","P17",0
"2214","P17",0
"2215","P17",0
"2216","P17",0
"2217","P17",5
"2218","P17",0
"2219","P17",3
"2220","P17",3
"2221","P17",2
"2222","P17",6
"2223","P17",0
"2224","P17",1
"2225","P17",1
"2226","P17",5
"2227","P17",0
"2228","P17",0
"2229","P17",1
"2230","P17",0
"2231","P17",15
"2232","P17",3
"2233","P17",0
"2234","P17",3
"2235","P17",0
"2236","P17",0
"2237","P17",0
"2238","P17",6
"2239","P17",0
"2240","P17",1
"2241","P17",9
"2242","P17",0
"2243","P17",1
"2244","P17",2
"2245","P17",5
"2246","P17",0
"2247","P17",1
"2248","P17",0
"2249","P17",2
"2250","P17",0
"2251","P17",0
"2252","P17",2
"2253","P17",2
"2254","P17",1
"2255","P17",1
"2256","P17",3
"2257","P17",0
"2258","P17",0
"2259","P17",1
"2260","P17",1
"2261","P17",1
"2262","P17",0
"2263","P17",1
"2264","P17",3
"2265","P17",0
"2266","P17",0
"2267","P17",3
"2268","P17",0
"2269","P17",0
"2270","P17",0
"2271","P17",0
"2272","P17",1
"2273","P17",0
"2274","P17",0
"2275","P17",0
"2276","P17",0
"2277","P17",0
"2278","P17",0
"2279","P17",0
"2280","P17",0
"2281","P17",0
"2282","P17",0
"2283","P17",5
"2284","P17",0
"2285","P17",0
"2286","P17",0
"2287","P17",0
"2288","P17",0
"2289","P17",0
"2290","P17",0
"2291","P17",0
"2292","P17",0
"2293","P17",0
"2294","P17",0
"2295","P17",4
"2296","P17",1
"2297","P17",0
"2298","P17",0
"2299","P17",1
"2300","P17",2
"2301","P17",0
"2302","P17",0
"2303","P17",0
"2304","P17",0
"2305","P17",0
"2306","P17",0
"2307","P17",0
"2308","P17",0
"2309","P17",0
"2310","P17",0
"2311","P17",0
"2312","P17",0
"2313","P17",0
"2314","P17",2
"2315","P17",0
"2316","P17",0
"2317","P17",0
"2318","P17",1
"2319","P17",0
"2320","P17",0
"2321","P17",3
"2322","P17",0
"2323","P17",0
"2324","P17",2
"2325","P17",0
"2326","P17",3
"2327","P17",3
"2328","P17",0
"2329","P17",0
"2330","P18",4
"2331","P18",4
"2332","P18",0
"2333","P18",5
"2334","P18",0
"2335","P18",0
"2336","P18",4
"2337","P18",0
"2338","P18",0
"2339","P18",0
"2340","P18",0
"2341","P18",4
"2342","P18",0
"2343","P18",0
"2344","P18",0
"2345","P18",12
"2346","P18",0
"2347","P18",0
"2348","P18",0
"2349","P18",0
"2350","P18",0
"2351","P18",0
"2352","P18",0
"2353","P18",0
"2354","P18",4
"2355","P18",0
"2356","P18",3
"2357","P18",3
"2358","P18",4
"2359","P18",9
"2360","P18",0
"2361","P18",3
"2362","P18",4
"2363","P18",5
"2364","P18",0
"2365","P18",0
"2366","P18",1
"2367","P18",0
"2368","P18",12
"2369","P18",3
"2370","P18",0
"2371","P18",12
"2372","P18",0
"2373","P18",0
"2374","P18",0
"2375","P18",12
"2376","P18",0
"2377","P18",4
"2378","P18",9
"2379","P18",0
"2380","P18",4
"2381","P18",4
"2382","P18",4
"2383","P18",0
"2384","P18",4
"2385","P18",0
"2386","P18",3
"2387","P18",0
"2388","P18",0
"2389","P18",4
"2390","P18",4
"2391","P18",3
"2392","P18",4
"2393","P18",12
"2394","P18",0
"2395","P18",0
"2396","P18",4
"2397","P18",4
"2398","P18",1
"2399","P18",0
"2400","P18",4
"2401","P18",12
"2402","P18",0
"2403","P18",0
"2404","P18",12
"2405","P18",0
"2406","P18",0
"2407","P18",0
"2408","P18",0
"2409","P18",4
"2410","P18",0
"2411","P18",0
"2412","P18",0
"2413","P18",0
"2414","P18",0
"2415","P18",0
"2416","P18",0
"2417","P18",0
"2418","P18",0
"2419","P18",0
"2420","P18",4
"2421","P18",0
"2422","P18",0
"2423","P18",0
"2424","P18",0
"2425","P18",0
"2426","P18",0
"2427","P18",0
"2428","P18",0
"2429","P18",0
"2430","P18",0
"2431","P18",0
"2432","P18",4
"2433","P18",3
"2434","P18",0
"2435","P18",0
"2436","P18",4
"2437","P18",4
"2438","P18",0
"2439","P18",0
"2440","P18",0
"2441","P18",0
"2442","P18",0
"2443","P18",0
"2444","P18",0
"2445","P18",0
"2446","P18",0
"2447","P18",0
"2448","P18",0
"2449","P18",0
"2450","P18",0
"2451","P18",4
"2452","P18",0
"2453","P18",0
"2454","P18",0
"2455","P18",3
"2456","P18",0
"2457","P18",0
"2458","P18",4
"2459","P18",0
"2460","P18",0
"2461","P18",4
"2462","P18",0
"2463","P18",12
"2464","P18",12
"2465","P18",0
"2466","P18",0
"2467","P19",5
"2468","P19",5
"2469","P19",25
"2470","P19",2
"2471","P19",1
"2472","P19",1
"2473","P19",2
"2474","P19",3
"2475","P19",4
"2476","P19",15
"2477","P19",15
"2478","P19",2
"2479","P19",25
"2480","P19",3
"2481","P19",5
"2482","P19",10
"2483","P19",1
"2484","P19",3
"2485","P19",1
"2486","P19",3
"2487","P19",4
"2488","P19",1
"2489","P19",5
"2490","P19",3
"2491","P19",5
"2492","P19",1
"2493","P19",3
"2494","P19",5
"2495","P19",5
"2496","P19",25
"2497","P19",4
"2498","P19",4
"2499","P19",2
"2500","P19",5
"2501","P19",5
"2502","P19",15
"2503","P19",2
"2504","P19",2
"2505","P19",10
"2506","P19",10
"2507","P19",2
"2508","P19",10
"2509","P19",1
"2510","P19",1
"2511","P19",4
"2512","P19",5
"2513","P19",3
"2514","P19",2
"2515","P19",20
"2516","P19",2
"2517","P19",4
"2518","P19",2
"2519","P19",3
"2520","P19",2
"2521","P19",1
"2522","P19",1
"2523","P19",4
"2524","P19",3
"2525","P19",2
"2526","P19",5
"2527","P19",3
"2528","P19",2
"2529","P19",1
"2530","P19",10
"2531","P19",5
"2532","P19",1
"2533","P19",5
"2534","P19",1
"2535","P19",5
"2536","P19",4
"2537","P19",1
"2538","P19",25
"2539","P19",5
"2540","P19",2
"2541","P19",10
"2542","P19",3
"2543","P19",1
"2544","P19",5
"2545","P19",1
"2546","P19",5
"2547","P19",1
"2548","P19",3
"2549","P19",1
"2550","P19",5
"2551","P19",1
"2552","P19",1
"2553","P19",5
"2554","P19",5
"2555","P19",1
"2556","P19",5
"2557","P19",5
"2558","P19",1
"2559","P19",3
"2560","P19",3
"2561","P19",5
"2562","P19",3
"2563","P19",3
"2564","P19",3
"2565","P19",3
"2566","P19",1
"2567","P19",4
"2568","P19",25
"2569","P19",5
"2570","P19",5
"2571","P19",3
"2572","P19",5
"2573","P19",2
"2574","P19",5
"2575","P19",2
"2576","P19",1
"2577","P19",5
"2578","P19",5
"2579","P19",15
"2580","P19",5
"2581","P19",2
"2582","P19",25
"2583","P19",4
"2584","P19",3
"2585","P19",1
"2586","P19",1
"2587","P19",3
"2588","P19",3
"2589","P19",2
"2590","P19",1
"2591","P19",2
"2592","P19",3
"2593","P19",2
"2594","P19",1
"2595","P19",5
"2596","P19",3
"2597","P19",2
"2598","P19",3
"2599","P19",2
"2600","P19",20
"2601","P19",15
"2602","P19",4
"2603","P19",1
"2604","P20",4
"2605","P20",5
"2606","P20",15
"2607","P20",4
"2608","P20",1
"2609","P20",4
"2610","P20",4
"2611","P20",5
"2612","P20",5
"2613","P20",3
"2614","P20",9
"2615","P20",5
"2616","P20",15
"2617","P20",4
"2618","P20",5
"2619","P20",9
"2620","P20",4
"2621","P20",5
"2622","P20",3
"2623","P20",3
"2624","P20",5
"2625","P20",4
"2626","P20",5
"2627","P20",4
"2628","P20",5
"2629","P20",4
"2630","P20",5
"2631","P20",5
"2632","P20",5
"2633","P20",15
"2634","P20",5
"2635","P20",2
"2636","P20",3
"2637","P20",5
"2638","P20",5
"2639","P20",12
"2640","P20",1
"2641","P20",4
"2642","P20",9
"2643","P20",15
"2644","P20",2
"2645","P20",9
"2646","P20",1
"2647","P20",1
"2648","P20",5
"2649","P20",9
"2650","P20",5
"2651","P20",1
"2652","P20",15
"2653","P20",1
"2654","P20",5
"2655","P20",5
"2656","P20",5
"2657","P20",2
"2658","P20",3
"2659","P20",1
"2660","P20",5
"2661","P20",2
"2662","P20",2
"2663","P20",5
"2664","P20",3
"2665","P20",5
"2666","P20",1
"2667","P20",12
"2668","P20",5
"2669","P20",1
"2670","P20",5
"2671","P20",3
"2672","P20",5
"2673","P20",5
"2674","P20",3
"2675","P20",12
"2676","P20",6
"2677","P20",5
"2678","P20",15
"2679","P20",4
"2680","P20",2
"2681","P20",5
"2682","P20",1
"2683","P20",5
"2684","P20",1
"2685","P20",2
"2686","P20",2
"2687","P20",15
"2688","P20",1
"2689","P20",2
"2690","P20",3
"2691","P20",4
"2692","P20",1
"2693","P20",1
"2694","P20",5
"2695","P20",1
"2696","P20",5
"2697","P20",3
"2698","P20",5
"2699","P20",2
"2700","P20",2
"2701","P20",5
"2702","P20",2
"2703","P20",1
"2704","P20",4
"2705","P20",3
"2706","P20",5
"2707","P20",5
"2708","P20",1
"2709","P20",5
"2710","P20",2
"2711","P20",5
"2712","P20",1
"2713","P20",1
"2714","P20",4
"2715","P20",4
"2716","P20",12
"2717","P20",5
"2718","P20",3
"2719","P20",15
"2720","P20",3
"2721","P20",1
"2722","P20",1
"2723","P20",2
"2724","P20",1
"2725","P20",1
"2726","P20",1
"2727","P20",1
"2728","P20",2
"2729","P20",2
"2730","P20",4
"2731","P20",1
"2732","P20",5
"2733","P20",1
"2734","P20",3
"2735","P20",5
"2736","P20",3
"2737","P20",12
"2738","P20",15
"2739","P20",3
"2740","P20",1
"2741","P21",1
"2742","P21",5
"2743","P21",6
"2744","P21",1
"2745","P21",1
"2746","P21",1
"2747","P21",1
"2748","P21",2
"2749","P21",1
"2750","P21",3
"2751","P21",3
"2752","P21",1
"2753","P21",6
"2754","P21",1
"2755","P21",3
"2756","P21",3
"2757","P21",1
"2758","P21",1
"2759","P21",1
"2760","P21",1
"2761","P21",2
"2762","P21",1
"2763","P21",5
"2764","P21",1
"2765","P21",2
"2766","P21",1
"2767","P21",1
"2768","P21",5
"2769","P21",2
"2770","P21",9
"2771","P21",2
"2772","P21",1
"2773","P21",2
"2774","P21",5
"2775","P21",3
"2776","P21",3
"2777","P21",1
"2778","P21",2
"2779","P21",6
"2780","P21",3
"2781","P21",2
"2782","P21",6
"2783","P21",1
"2784","P21",1
"2785","P21",2
"2786","P21",3
"2787","P21",2
"2788","P21",1
"2789","P21",6
"2790","P21",1
"2791","P21",5
"2792","P21",2
"2793","P21",3
"2794","P21",1
"2795","P21",2
"2796","P21",1
"2797","P21",1
"2798","P21",2
"2799","P21",1
"2800","P21",4
"2801","P21",1
"2802","P21",1
"2803","P21",1
"2804","P21",6
"2805","P21",5
"2806","P21",1
"2807","P21",2
"2808","P21",1
"2809","P21",1
"2810","P21",1
"2811","P21",1
"2812","P21",6
"2813","P21",3
"2814","P21",2
"2815","P21",6
"2816","P21",1
"2817","P21",2
"2818","P21",1
"2819","P21",1
"2820","P21",4
"2821","P21",1
"2822","P21",1
"2823","P21",1
"2824","P21",3
"2825","P21",1
"2826","P21",1
"2827","P21",3
"2828","P21",2
"2829","P21",1
"2830","P21",1
"2831","P21",4
"2832","P21",1
"2833","P21",1
"2834","P21",1
"2835","P21",5
"2836","P21",1
"2837","P21",1
"2838","P21",1
"2839","P21",1
"2840","P21",1
"2841","P21",1
"2842","P21",3
"2843","P21",1
"2844","P21",4
"2845","P21",2
"2846","P21",4
"2847","P21",1
"2848","P21",2
"2849","P21",1
"2850","P21",1
"2851","P21",2
"2852","P21",2
"2853","P21",3
"2854","P21",3
"2855","P21",1
"2856","P21",15
"2857","P21",1
"2858","P21",1
"2859","P21",1
"2860","P21",2
"2861","P21",1
"2862","P21",1
"2863","P21",1
"2864","P21",1
"2865","P21",1
"2866","P21",1
"2867","P21",2
"2868","P21",1
"2869","P21",3
"2870","P21",1
"2871","P21",1
"2872","P21",1
"2873","P21",1
"2874","P21",6
"2875","P21",9
"2876","P21",2
"2877","P21",1
"2878","P22",3
"2879","P22",5
"2880","P22",4
"2881","P22",2
"2882","P22",1
"2883","P22",1
"2884","P22",2
"2885","P22",4
"2886","P22",3
"2887","P22",3
"2888","P22",3
"2889","P22",1
"2890","P22",3
"2891","P22",2
"2892","P22",5
"2893","P22",2
"2894","P22",1
"2895","P22",4
"2896","P22",3
"2897","P22",3
"2898","P22",2
"2899","P22",2
"2900","P22",5
"2901","P22",2
"2902","P22",2
"2903","P22",1
"2904","P22",2
"2905","P22",1
"2906","P22",4
"2907","P22",5
"2908","P22",2
"2909","P22",2
"2910","P22",2
"2911","P22",3
"2912","P22",4
"2913","P22",2
"2914","P22",1
"2915","P22",2
"2916","P22",3
"2917","P22",4
"2918","P22",1
"2919","P22",3
"2920","P22",1
"2921","P22",1
"2922","P22",4
"2923","P22",2
"2924","P22",5
"2925","P22",2
"2926","P22",4
"2927","P22",1
"2928","P22",3
"2929","P22",4
"2930","P22",5
"2931","P22",1
"2932","P22",2
"2933","P22",1
"2934","P22",4
"2935","P22",1
"2936","P22",1
"2937","P22",3
"2938","P22",4
"2939","P22",3
"2940","P22",1
"2941","P22",1
"2942","P22",5
"2943","P22",1
"2944","P22",3
"2945","P22",2
"2946","P22",3
"2947","P22",2
"2948","P22",2
"2949","P22",2
"2950","P22",1
"2951","P22",4
"2952","P22",3
"2953","P22",2
"2954","P22",1
"2955","P22",3
"2956","P22",2
"2957","P22",2
"2958","P22",1
"2959","P22",3
"2960","P22",1
"2961","P22",2
"2962","P22",1
"2963","P22",1
"2964","P22",1
"2965","P22",2
"2966","P22",1
"2967","P22",1
"2968","P22",2
"2969","P22",1
"2970","P22",3
"2971","P22",3
"2972","P22",5
"2973","P22",2
"2974","P22",2
"2975","P22",3
"2976","P22",2
"2977","P22",1
"2978","P22",2
"2979","P22",1
"2980","P22",1
"2981","P22",5
"2982","P22",1
"2983","P22",5
"2984","P22",2
"2985","P22",1
"2986","P22",1
"2987","P22",1
"2988","P22",2
"2989","P22",1
"2990","P22",3
"2991","P22",3
"2992","P22",2
"2993","P22",3
"2994","P22",1
"2995","P22",2
"2996","P22",1
"2997","P22",1
"2998","P22",1
"2999","P22",1
"3000","P22",1
"3001","P22",1
"3002","P22",1
"3003","P22",2
"3004","P22",1
"3005","P22",1
"3006","P22",3
"3007","P22",2
"3008","P22",2
"3009","P22",3
"3010","P22",2
"3011","P22",1
"3012","P22",2
"3013","P22",1
"3014","P22",1
"3015","P23",3
"3016","P23",5
"3017","P23",20
"3018","P23",1
"3019","P23",1
"3020","P23",1
"3021","P23",1
"3022","P23",2
"3023","P23",1
"3024","P23",5
"3025","P23",5
"3026","P23",3
"3027","P23",25
"3028","P23",1
"3029","P23",3
"3030","P23",5
"3031","P23",1
"3032","P23",2
"3033","P23",1
"3034","P23",1
"3035","P23",1
"3036","P23",1
"3037","P23",4
"3038","P23",1
"3039","P23",3
"3040","P23",1
"3041","P23",2
"3042","P23",1
"3043","P23",3
"3044","P23",15
"3045","P23",2
"3046","P23",1
"3047","P23",1
"3048","P23",1
"3049","P23",2
"3050","P23",5
"3051","P23",1
"3052","P23",1
"3053","P23",5
"3054","P23",5
"3055","P23",1
"3056","P23",5
"3057","P23",1
"3058","P23",1
"3059","P23",5
"3060","P23",5
"3061","P23",3
"3062","P23",1
"3063","P23",25
"3064","P23",1
"3065","P23",5
"3066","P23",2
"3067","P23",5
"3068","P23",1
"3069","P23",3
"3070","P23",1
"3071","P23",2
"3072","P23",1
"3073","P23",1
"3074","P23",5
"3075","P23",4
"3076","P23",4
"3077","P23",1
"3078","P23",10
"3079","P23",5
"3080","P23",1
"3081","P23",2
"3082","P23",5
"3083","P23",2
"3084","P23",1
"3085","P23",1
"3086","P23",10
"3087","P23",5
"3088","P23",3
"3089","P23",10
"3090","P23",2
"3091","P23",2
"3092","P23",1
"3093","P23",1
"3094","P23",2
"3095","P23",1
"3096","P23",2
"3097","P23",1
"3098","P23",5
"3099","P23",1
"3100","P23",1
"3101","P23",5
"3102","P23",3
"3103","P23",1
"3104","P23",1
"3105","P23",5
"3106","P23",1
"3107","P23",2
"3108","P23",2
"3109","P23",5
"3110","P23",1
"3111","P23",2
"3112","P23",1
"3113","P23",3
"3114","P23",1
"3115","P23",3
"3116","P23",10
"3117","P23",5
"3118","P23",5
"3119","P23",1
"3120","P23",5
"3121","P23",1
"3122","P23",4
"3123","P23",1
"3124","P23",1
"3125","P23",2
"3126","P23",2
"3127","P23",10
"3128","P23",5
"3129","P23",2
"3130","P23",20
"3131","P23",2
"3132","P23",1
"3133","P23",1
"3134","P23",1
"3135","P23",1
"3136","P23",1
"3137","P23",1
"3138","P23",1
"3139","P23",1
"3140","P23",1
"3141","P23",1
"3142","P23",1
"3143","P23",5
"3144","P23",1
"3145","P23",1
"3146","P23",1
"3147","P23",1
"3148","P23",10
"3149","P23",25
"3150","P23",1
"3151","P23",1
"3152","P24",1
"3153","P24",5
"3154","P24",0
"3155","P24",5
"3156","P24",0
"3157","P24",0
"3158","P24",5
"3159","P24",0
"3160","P24",0
"3161","P24",0
"3162","P24",0
"3163","P24",5
"3164","P24",0
"3165","P24",0
"3166","P24",0
"3167","P24",8
"3168","P24",0
"3169","P24",0
"3170","P24",0
"3171","P24",0
"3172","P24",0
"3173","P24",0
"3174","P24",0
"3175","P24",0
"3176","P24",2
"3177","P24",0
"3178","P24",3
"3179","P24",5
"3180","P24",5
"3181","P24",6
"3182","P24",0
"3183","P24",5
"3184","P24",3
"3185","P24",5
"3186","P24",0
"3187","P24",0
"3188","P24",1
"3189","P24",0
"3190","P24",10
"3191","P24",6
"3192","P24",0
"3193","P24",8
"3194","P24",0
"3195","P24",0
"3196","P24",0
"3197","P24",8
"3198","P24",0
"3199","P24",5
"3200","P24",10
"3201","P24",0
"3202","P24",5
"3203","P24",1
"3204","P24",4
"3205","P24",0
"3206","P24",3
"3207","P24",0
"3208","P24",5
"3209","P24",0
"3210","P24",0
"3211","P24",3
"3212","P24",3
"3213","P24",1
"3214","P24",4
"3215","P24",2
"3216","P24",0
"3217","P24",0
"3218","P24",2
"3219","P24",1
"3220","P24",2
"3221","P24",0
"3222","P24",1
"3223","P24",4
"3224","P24",0
"3225","P24",0
"3226","P24",4
"3227","P24",0
"3228","P24",0
"3229","P24",0
"3230","P24",0
"3231","P24",1
"3232","P24",0
"3233","P24",0
"3234","P24",0
"3235","P24",0
"3236","P24",0
"3237","P24",0
"3238","P24",0
"3239","P24",0
"3240","P24",0
"3241","P24",0
"3242","P24",1
"3243","P24",0
"3244","P24",0
"3245","P24",0
"3246","P24",0
"3247","P24",0
"3248","P24",0
"3249","P24",0
"3250","P24",0
"3251","P24",0
"3252","P24",0
"3253","P24",0
"3254","P24",2
"3255","P24",3
"3256","P24",0
"3257","P24",0
"3258","P24",2
"3259","P24",3
"3260","P24",0
"3261","P24",0
"3262","P24",0
"3263","P24",0
"3264","P24",0
"3265","P24",0
"3266","P24",0
"3267","P24",0
"3268","P24",0
"3269","P24",0
"3270","P24",0
"3271","P24",0
"3272","P24",0
"3273","P24",3
"3274","P24",0
"3275","P24",0
"3276","P24",0
"3277","P24",5
"3278","P24",0
"3279","P24",0
"3280","P24",2
"3281","P24",0
"3282","P24",0
"3283","P24",2
"3284","P24",0
"3285","P24",2
"3286","P24",6
"3287","P24",0
"3288","P24",0
"3289","P25",1
"3290","P25",3
"3291","P25",0
"3292","P25",5
"3293","P25",0
"3294","P25",0
"3295","P25",4
"3296","P25",0
"3297","P25",0
"3298","P25",0
"3299","P25",0
"3300","P25",2
"3301","P25",0
"3302","P25",0
"3303","P25",0
"3304","P25",8
"3305","P25",0
"3306","P25",0
"3307","P25",0
"3308","P25",0
"3309","P25",0
"3310","P25",0
"3311","P25",0
"3312","P25",0
"3313","P25",2
"3314","P25",0
"3315","P25",3
"3316","P25",5
"3317","P25",3
"3318","P25",10
"3319","P25",0
"3320","P25",2
"3321","P25",3
"3322","P25",5
"3323","P25",0
"3324","P25",0
"3325","P25",1
"3326","P25",0
"3327","P25",10
"3328","P25",4
"3329","P25",0
"3330","P25",8
"3331","P25",0
"3332","P25",0
"3333","P25",0
"3334","P25",8
"3335","P25",0
"3336","P25",3
"3337","P25",8
"3338","P25",0
"3339","P25",2
"3340","P25",1
"3341","P25",4
"3342","P25",0
"3343","P25",2
"3344","P25",0
"3345","P25",3
"3346","P25",0
"3347","P25",0
"3348","P25",3
"3349","P25",3
"3350","P25",1
"3351","P25",4
"3352","P25",2
"3353","P25",0
"3354","P25",0
"3355","P25",2
"3356","P25",1
"3357","P25",2
"3358","P25",0
"3359","P25",1
"3360","P25",4
"3361","P25",0
"3362","P25",0
"3363","P25",4
"3364","P25",0
"3365","P25",0
"3366","P25",0
"3367","P25",0
"3368","P25",1
"3369","P25",0
"3370","P25",0
"3371","P25",0
"3372","P25",0
"3373","P25",0
"3374","P25",0
"3375","P25",0
"3376","P25",0
"3377","P25",0
"3378","P25",0
"3379","P25",1
"3380","P25",0
"3381","P25",0
"3382","P25",0
"3383","P25",0
"3384","P25",0
"3385","P25",0
"3386","P25",0
"3387","P25",0
"3388","P25",0
"3389","P25",0
"3390","P25",0
"3391","P25",4
"3392","P25",3
"3393","P25",0
"3394","P25",0
"3395","P25",3
"3396","P25",3
"3397","P25",0
"3398","P25",0
"3399","P25",0
"3400","P25",0
"3401","P25",0
"3402","P25",0
"3403","P25",0
"3404","P25",0
"3405","P25",0
"3406","P25",0
"3407","P25",0
"3408","P25",0
"3409","P25",0
"3410","P25",3
"3411","P25",0
"3412","P25",0
"3413","P25",0
"3414","P25",1
"3415","P25",0
"3416","P25",0
"3417","P25",2
"3418","P25",0
"3419","P25",0
"3420","P25",2
"3421","P25",0
"3422","P25",2
"3423","P25",4
"3424","P25",0
"3425","P25",0
"3426","P26",1
"3427","P26",5
"3428","P26",0
"3429","P26",5
"3430","P26",0
"3431","P26",0
"3432","P26",4
"3433","P26",0
"3434","P26",0
"3435","P26",0
"3436","P26",0
"3437","P26",3
"3438","P26",0
"3439","P26",0
"3440","P26",0
"3441","P26",10
"3442","P26",0
"3443","P26",0
"3444","P26",0
"3445","P26",0
"3446","P26",0
"3447","P26",0
"3448","P26",0
"3449","P26",0
"3450","P26",2
"3451","P26",0
"3452","P26",3
"3453","P26",5
"3454","P26",4
"3455","P26",10
"3456","P26",0
"3457","P26",5
"3458","P26",4
"3459","P26",5
"3460","P26",0
"3461","P26",0
"3462","P26",1
"3463","P26",0
"3464","P26",12.5
"3465","P26",7.5
"3466","P26",0
"3467","P26",10
"3468","P26",0
"3469","P26",0
"3470","P26",0
"3471","P26",10
"3472","P26",0
"3473","P26",5
"3474","P26",10
"3475","P26",0
"3476","P26",5
"3477","P26",1
"3478","P26",4
"3479","P26",0
"3480","P26",3
"3481","P26",0
"3482","P26",3
"3483","P26",0
"3484","P26",0
"3485","P26",3
"3486","P26",3
"3487","P26",4
"3488","P26",4
"3489","P26",2.5
"3490","P26",0
"3491","P26",0
"3492","P26",2
"3493","P26",1
"3494","P26",2
"3495","P26",0
"3496","P26",1
"3497","P26",5
"3498","P26",0
"3499","P26",0
"3500","P26",5
"3501","P26",0
"3502","P26",0
"3503","P26",0
"3504","P26",0
"3505","P26",1
"3506","P26",0
"3507","P26",0
"3508","P26",0
"3509","P26",0
"3510","P26",0
"3511","P26",0
"3512","P26",0
"3513","P26",0
"3514","P26",0
"3515","P26",0
"3516","P26",1
"3517","P26",0
"3518","P26",0
"3519","P26",0
"3520","P26",0
"3521","P26",0
"3522","P26",0
"3523","P26",0
"3524","P26",0
"3525","P26",0
"3526","P26",0
"3527","P26",0
"3528","P26",1
"3529","P26",3
"3530","P26",0
"3531","P26",0
"3532","P26",3
"3533","P26",3
"3534","P26",0
"3535","P26",0
"3536","P26",0
"3537","P26",0
"3538","P26",0
"3539","P26",0
"3540","P26",0
"3541","P26",0
"3542","P26",0
"3543","P26",0
"3544","P26",0
"3545","P26",0
"3546","P26",0
"3547","P26",3
"3548","P26",0
"3549","P26",0
"3550","P26",0
"3551","P26",2
"3552","P26",0
"3553","P26",0
"3554","P26",2
"3555","P26",0
"3556","P26",0
"3557","P26",2
"3558","P26",0
"3559","P26",2.5
"3560","P26",7.5
"3561","P26",0
"3562","P26",0
"3563","P27",4
"3564","P27",1
"3565","P27",0
"3566","P27",1
"3567","P27",0
"3568","P27",0
"3569","P27",5
"3570","P27",0
"3571","P27",0
"3572","P27",0
"3573","P27",0
"3574","P27",5
"3575","P27",0
"3576","P27",0
"3577","P27",0
"3578","P27",2.5
"3579","P27",0
"3580","P27",0
"3581","P27",0
"3582","P27",0
"3583","P27",0
"3584","P27",0
"3585","P27",0
"3586","P27",0
"3587","P27",5
"3588","P27",0
"3589","P27",1
"3590","P27",1
"3591","P27",2
"3592","P27",5
"3593","P27",0
"3594","P27",2
"3595","P27",5
"3596","P27",1
"3597","P27",0
"3598","P27",0
"3599","P27",5
"3600","P27",0
"3601","P27",5
"3602","P27",5
"3603","P27",0
"3604","P27",10
"3605","P27",0
"3606","P27",0
"3607","P27",0
"3608","P27",12.5
"3609","P27",0
"3610","P27",5
"3611","P27",2.5
"3612","P27",0
"3613","P27",3
"3614","P27",4
"3615","P27",4
"3616","P27",0
"3617","P27",5
"3618","P27",0
"3619","P27",3
"3620","P27",0
"3621","P27",0
"3622","P27",4
"3623","P27",2
"3624","P27",3
"3625","P27",2
"3626","P27",2.5
"3627","P27",0
"3628","P27",0
"3629","P27",1
"3630","P27",1
"3631","P27",1
"3632","P27",0
"3633","P27",1
"3634","P27",2.5
"3635","P27",0
"3636","P27",0
"3637","P27",2.5
"3638","P27",0
"3639","P27",0
"3640","P27",0
"3641","P27",0
"3642","P27",1
"3643","P27",0
"3644","P27",0
"3645","P27",0
"3646","P27",0
"3647","P27",0
"3648","P27",0
"3649","P27",0
"3650","P27",0
"3651","P27",0
"3652","P27",0
"3653","P27",0
"3654","P27",0
"3655","P27",0
"3656","P27",0
"3657","P27",0
"3658","P27",0
"3659","P27",0
"3660","P27",0
"3661","P27",0
"3662","P27",0
"3663","P27",0
"3664","P27",0
"3665","P27",5
"3666","P27",2
"3667","P27",0
"3668","P27",0
"3669","P27",5
"3670","P27",2
"3671","P27",0
"3672","P27",0
"3673","P27",0
"3674","P27",0
"3675","P27",0
"3676","P27",0
"3677","P27",0
"3678","P27",0
"3679","P27",0
"3680","P27",0
"3681","P27",0
"3682","P27",0
"3683","P27",0
"3684","P27",1
"3685","P27",0
"3686","P27",0
"3687","P27",0
"3688","P27",5
"3689","P27",0
"3690","P27",0
"3691","P27",3
"3692","P27",0
"3693","P27",0
"3694","P27",1
"3695","P27",0
"3696","P27",2.5
"3697","P27",2.5
"3698","P27",0
"3699","P27",0
"3700","P28",2
"3701","P28",5
"3702","P28",7.5
"3703","P28",2
"3704","P28",1
"3705","P28",2
"3706","P28",1
"3707","P28",3
"3708","P28",3
"3709","P28",7.5
"3710","P28",5
"3711","P28",3
"3712","P28",10
"3713","P28",3
"3714","P28",5
"3715","P28",7.5
"3716","P28",2
"3717","P28",3
"3718","P28",2
"3719","P28",2
"3720","P28",4
"3721","P28",4
"3722","P28",5
"3723","P28",2
"3724","P28",3
"3725","P28",2
"3726","P28",2
"3727","P28",3
"3728","P28",4
"3729","P28",12.5
"3730","P28",3
"3731","P28",2
"3732","P28",3
"3733","P28",5
"3734","P28",5
"3735","P28",7.5
"3736","P28",1
"3737","P28",2
"3738","P28",5
"3739","P28",10
"3740","P28",2
"3741","P28",10
"3742","P28",3
"3743","P28",3
"3744","P28",5
"3745","P28",5
"3746","P28",5
"3747","P28",2
"3748","P28",12.5
"3749","P28",3
"3750","P28",5
"3751","P28",3
"3752","P28",5
"3753","P28",2
"3754","P28",2
"3755","P28",1
"3756","P28",2
"3757","P28",3
"3758","P28",3
"3759","P28",3
"3760","P28",2
"3761","P28",2
"3762","P28",2
"3763","P28",5
"3764","P28",5
"3765","P28",3
"3766","P28",3
"3767","P28",1
"3768","P28",3
"3769","P28",3
"3770","P28",2
"3771","P28",7.5
"3772","P28",7.5
"3773","P28",3
"3774","P28",5
"3775","P28",1
"3776","P28",2
"3777","P28",3
"3778","P28",1
"3779","P28",3
"3780","P28",1
"3781","P28",3
"3782","P28",3
"3783","P28",5
"3784","P28",1
"3785","P28",3
"3786","P28",2.5
"3787","P28",2
"3788","P28",1
"3789","P28",1
"3790","P28",2
"3791","P28",2
"3792","P28",2
"3793","P28",2
"3794","P28",4
"3795","P28",3
"3796","P28",1
"3797","P28",2
"3798","P28",2
"3799","P28",1
"3800","P28",1
"3801","P28",5
"3802","P28",1
"3803","P28",4
"3804","P28",2
"3805","P28",4
"3806","P28",1
"3807","P28",2
"3808","P28",1
"3809","P28",2
"3810","P28",2
"3811","P28",1
"3812","P28",7.5
"3813","P28",4
"3814","P28",2
"3815","P28",10
"3816","P28",2
"3817","P28",2
"3818","P28",2
"3819","P28",2
"3820","P28",2
"3821","P28",2
"3822","P28",2
"3823","P28",1
"3824","P28",2
"3825","P28",1
"3826","P28",3
"3827","P28",1
"3828","P28",3
"3829","P28",2
"3830","P28",2
"3831","P28",2
"3832","P28",2
"3833","P28",2.5
"3834","P28",5
"3835","P28",2
"3836","P28",1
"3837","P29",3
"3838","P29",1
"3839","P29",5
"3840","P29",3
"3841","P29",1
"3842","P29",3
"3843","P29",3
"3844","P29",2
"3845","P29",1
"3846","P29",7.5
"3847","P29",7.5
"3848","P29",3
"3849","P29",7.5
"3850","P29",3
"3851","P29",1
"3852","P29",7.5
"3853","P29",2
"3854","P29",3
"3855","P29",3
"3856","P29",3
"3857","P29",3
"3858","P29",3
"3859","P29",0
"3860","P29",3
"3861","P29",2
"3862","P29",2
"3863","P29",2
"3864","P29",2
"3865","P29",2
"3866","P29",2.5
"3867","P29",3
"3868","P29",3
"3869","P29",3
"3870","P29",1
"3871","P29",2
"3872","P29",5
"3873","P29",3
"3874","P29",3
"3875","P29",7.5
"3876","P29",5
"3877","P29",3
"3878","P29",7.5
"3879","P29",3
"3880","P29",3
"3881","P29",1
"3882","P29",7.5
"3883","P29",1
"3884","P29",3
"3885","P29",2.5
"3886","P29",3
"3887","P29",1
"3888","P29",3
"3889","P29",3
"3890","P29",3
"3891","P29",3
"3892","P29",3
"3893","P29",3
"3894","P29",3
"3895","P29",3
"3896","P29",2
"3897","P29",3
"3898","P29",3
"3899","P29",3
"3900","P29",7.5
"3901","P29",0
"3902","P29",2
"3903","P29",3
"3904","P29",3
"3905","P29",3
"3906","P29",2
"3907","P29",3
"3908","P29",2.5
"3909","P29",5
"3910","P29",3
"3911","P29",7.5
"3912","P29",3
"3913","P29",3
"3914","P29",2
"3915","P29",3
"3916","P29",1
"3917","P29",3
"3918","P29",3
"3919","P29",2
"3920","P29",7.5
"3921","P29",2
"3922","P29",2
"3923","P29",7.5
"3924","P29",3
"3925","P29",2
"3926","P29",3
"3927","P29",3
"3928","P29",3
"3929","P29",3
"3930","P29",3
"3931","P29",3
"3932","P29",3
"3933","P29",3
"3934","P29",3
"3935","P29",2
"3936","P29",3
"3937","P29",3
"3938","P29",2.5
"3939","P29",3
"3940","P29",1
"3941","P29",3
"3942","P29",1
"3943","P29",3
"3944","P29",3
"3945","P29",3
"3946","P29",3
"3947","P29",3
"3948","P29",3
"3949","P29",7.5
"3950","P29",3
"3951","P29",3
"3952","P29",2.5
"3953","P29",3
"3954","P29",3
"3955","P29",3
"3956","P29",3
"3957","P29",3
"3958","P29",3
"3959","P29",3
"3960","P29",3
"3961","P29",3
"3962","P29",3
"3963","P29",3
"3964","P29",3
"3965","P29",1
"3966","P29",3
"3967","P29",2
"3968","P29",2
"3969","P29",2
"3970","P29",7.5
"3971","P29",7.5
"3972","P29",3
"3973","P29",3
"3974","P30",5
"3975","P30",5
"3976","P30",0
"3977","P30",5
"3978","P30",0
"3979","P30",0
"3980","P30",4
"3981","P30",0
"3982","P30",0
"3983","P30",0
"3984","P30",0
"3985","P30",5
"3986","P30",0
"3987","P30",0
"3988","P30",0
"3989","P30",5
"3990","P30",0
"3991","P30",0
"3992","P30",0
"3993","P30",0
"3994","P30",0
"3995","P30",0
"3996","P30",0
"3997","P30",0
"3998","P30",5
"3999","P30",0
"4000","P30",4
"4001","P30",5
"4002","P30",3
"4003","P30",25
"4004","P30",0
"4005","P30",4
"4006","P30",3
"4007","P30",5
"4008","P30",0
"4009","P30",0
"4010","P30",5
"4011","P30",0
"4012","P30",20
"4013","P30",25
"4014","P30",0
"4015","P30",5
"4016","P30",0
"4017","P30",0
"4018","P30",0
"4019","P30",25
"4020","P30",0
"4021","P30",5
"4022","P30",20
"4023","P30",0
"4024","P30",4
"4025","P30",5
"4026","P30",4
"4027","P30",0
"4028","P30",4
"4029","P30",0
"4030","P30",3
"4031","P30",0
"4032","P30",0
"4033","P30",4
"4034","P30",4
"4035","P30",5
"4036","P30",4
"4037","P30",15
"4038","P30",0
"4039","P30",0
"4040","P30",5
"4041","P30",5
"4042","P30",5
"4043","P30",0
"4044","P30",3
"4045","P30",20
"4046","P30",0
"4047","P30",0
"4048","P30",10
"4049","P30",0
"4050","P30",0
"4051","P30",0
"4052","P30",0
"4053","P30",3
"4054","P30",0
"4055","P30",0
"4056","P30",0
"4057","P30",0
"4058","P30",0
"4059","P30",0
"4060","P30",0
"4061","P30",0
"4062","P30",0
"4063","P30",0
"4064","P30",5
"4065","P30",0
"4066","P30",0
"4067","P30",0
"4068","P30",0
"4069","P30",0
"4070","P30",0
"4071","P30",0
"4072","P30",0
"4073","P30",0
"4074","P30",0
"4075","P30",0
"4076","P30",5
"4077","P30",5
"4078","P30",0
"4079","P30",0
"4080","P30",5
"4081","P30",5
"4082","P30",0
"4083","P30",0
"4084","P30",0
"4085","P30",0
"4086","P30",0
"4087","P30",0
"4088","P30",0
"4089","P30",0
"4090","P30",0
"4091","P30",0
"4092","P30",0
"4093","P30",0
"4094","P30",0
"4095","P30",1
"4096","P30",0
"4097","P30",0
"4098","P30",0
"4099","P30",4
"4100","P30",0
"4101","P30",0
"4102","P30",5
"4103","P30",0
"4104","P30",0
"4105","P30",3
"4106","P30",0
"4107","P30",25
"4108","P30",20
"4109","P30",0
"4110","P30",0
"4111","P31",3
"4112","P31",5
"4113","P31",0
"4114","P31",5
"4115","P31",0
"4116","P31",0
"4117","P31",5
"4118","P31",0
"4119","P31",0
"4120","P31",0
"4121","P31",0
"4122","P31",5
"4123","P31",0
"4124","P31",0
"4125","P31",0
"4126","P31",15
"4127","P31",0
"4128","P31",0
"4129","P31",0
"4130","P31",0
"4131","P31",0
"4132","P31",0
"4133","P31",0
"4134","P31",0
"4135","P31",5
"4136","P31",0
"4137","P31",1
"4138","P31",5
"4139","P31",5
"4140","P31",15
"4141","P31",0
"4142","P31",3
"4143","P31",2
"4144","P31",5
"4145","P31",0
"4146","P31",0
"4147","P31",4
"4148","P31",0
"4149","P31",15
"4150","P31",6
"4151","P31",0
"4152","P31",6
"4153","P31",0
"4154","P31",0
"4155","P31",0
"4156","P31",15
"4157","P31",0
"4158","P31",5
"4159","P31",9
"4160","P31",0
"4161","P31",3
"4162","P31",5
"4163","P31",1
"4164","P31",0
"4165","P31",3
"4166","P31",0
"4167","P31",5
"4168","P31",0
"4169","P31",0
"4170","P31",1
"4171","P31",5
"4172","P31",5
"4173","P31",5
"4174","P31",3
"4175","P31",0
"4176","P31",0
"4177","P31",5
"4178","P31",5
"4179","P31",2
"4180","P31",0
"4181","P31",5
"4182","P31",9
"4183","P31",0
"4184","P31",0
"4185","P31",15
"4186","P31",0
"4187","P31",0
"4188","P31",0
"4189","P31",0
"4190","P31",3
"4191","P31",0
"4192","P31",0
"4193","P31",0
"4194","P31",0
"4195","P31",0
"4196","P31",0
"4197","P31",0
"4198","P31",0
"4199","P31",0
"4200","P31",0
"4201","P31",5
"4202","P31",0
"4203","P31",0
"4204","P31",0
"4205","P31",0
"4206","P31",0
"4207","P31",0
"4208","P31",0
"4209","P31",0
"4210","P31",0
"4211","P31",0
"4212","P31",0
"4213","P31",1
"4214","P31",3
"4215","P31",0
"4216","P31",0
"4217","P31",1
"4218","P31",5
"4219","P31",0
"4220","P31",0
"4221","P31",0
"4222","P31",0
"4223","P31",0
"4224","P31",0
"4225","P31",0
"4226","P31",0
"4227","P31",0
"4228","P31",0
"4229","P31",0
"4230","P31",0
"4231","P31",0
"4232","P31",1
"4233","P31",0
"4234","P31",0
"4235","P31",0
"4236","P31",4
"4237","P31",0
"4238","P31",0
"4239","P31",5
"4240","P31",0
"4241","P31",0
"4242","P31",1
"4243","P31",0
"4244","P31",12
"4245","P31",9
"4246","P31",0
"4247","P31",0
"4248","P32",4
"4249","P32",4
"4250","P32",0
"4251","P32",5
"4252","P32",0
"4253","P32",0
"4254","P32",2
"4255","P32",0
"4256","P32",0
"4257","P32",0
"4258","P32",0
"4259","P32",4
"4260","P32",0
"4261","P32",0
"4262","P32",0
"4263","P32",20
"4264","P32",0
"4265","P32",0
"4266","P32",0
"4267","P32",0
"4268","P32",0
"4269","P32",0
"4270","P32",0
"4271","P32",0
"4272","P32",4
"4273","P32",0
"4274","P32",2
"4275","P32",3
"4276","P32",5
"4277","P32",25
"4278","P32",0
"4279","P32",3
"4280","P32",1
"4281","P32",4
"4282","P32",0
"4283","P32",0
"4284","P32",4
"4285","P32",0
"4286","P32",25
"4287","P32",10
"4288","P32",0
"4289","P32",10
"4290","P32",0
"4291","P32",0
"4292","P32",0
"4293","P32",25
"4294","P32",0
"4295","P32",5
"4296","P32",15
"4297","P32",0
"4298","P32",3
"4299","P32",4
"4300","P32",2
"4301","P32",0
"4302","P32",3
"4303","P32",0
"4304","P32",5
"4305","P32",0
"4306","P32",0
"4307","P32",3
"4308","P32",5
"4309","P32",3
"4310","P32",5
"4311","P32",15
"4312","P32",0
"4313","P32",0
"4314","P32",4
"4315","P32",5
"4316","P32",3
"4317","P32",0
"4318","P32",5
"4319","P32",20
"4320","P32",0
"4321","P32",0
"4322","P32",20
"4323","P32",0
"4324","P32",0
"4325","P32",0
"4326","P32",0
"4327","P32",3
"4328","P32",0
"4329","P32",0
"4330","P32",0
"4331","P32",0
"4332","P32",0
"4333","P32",0
"4334","P32",0
"4335","P32",0
"4336","P32",0
"4337","P32",0
"4338","P32",5
"4339","P32",0
"4340","P32",0
"4341","P32",0
"4342","P32",0
"4343","P32",0
"4344","P32",0
"4345","P32",0
"4346","P32",0
"4347","P32",0
"4348","P32",0
"4349","P32",0
"4350","P32",2
"4351","P32",3
"4352","P32",0
"4353","P32",0
"4354","P32",3
"4355","P32",5
"4356","P32",0
"4357","P32",0
"4358","P32",0
"4359","P32",0
"4360","P32",0
"4361","P32",0
"4362","P32",0
"4363","P32",0
"4364","P32",0
"4365","P32",0
"4366","P32",0
"4367","P32",0
"4368","P32",0
"4369","P32",3
"4370","P32",0
"4371","P32",0
"4372","P32",0
"4373","P32",3
"4374","P32",0
"4375","P32",0
"4376","P32",5
"4377","P32",0
"4378","P32",0
"4379","P32",4
"4380","P32",0
"4381","P32",10
"4382","P32",15
"4383","P32",0
"4384","P32",0
"4385","P33",5
"4386","P33",3
"4387","P33",0
"4388","P33",3
"4389","P33",0
"4390","P33",0
"4391","P33",2
"4392","P33",0
"4393","P33",0
"4394","P33",0
"4395","P33",0
"4396","P33",2
"4397","P33",0
"4398","P33",0
"4399","P33",0
"4400","P33",2
"4401","P33",0
"4402","P33",0
"4403","P33",0
"4404","P33",0
"4405","P33",0
"4406","P33",0
"4407","P33",0
"4408","P33",0
"4409","P33",4
"4410","P33",0
"4411","P33",2
"4412","P33",3
"4413","P33",2
"4414","P33",6
"4415","P33",0
"4416","P33",2
"4417","P33",2
"4418","P33",2
"4419","P33",0
"4420","P33",0
"4421","P33",3
"4422","P33",0
"4423","P33",4
"4424","P33",4
"4425","P33",0
"4426","P33",6
"4427","P33",0
"4428","P33",0
"4429","P33",0
"4430","P33",4
"4431","P33",0
"4432","P33",4
"4433","P33",4
"4434","P33",0
"4435","P33",2
"4436","P33",2
"4437","P33",2
"4438","P33",0
"4439","P33",2
"4440","P33",0
"4441","P33",4
"4442","P33",0
"4443","P33",0
"4444","P33",3
"4445","P33",3
"4446","P33",3
"4447","P33",3
"4448","P33",6
"4449","P33",0
"4450","P33",0
"4451","P33",3
"4452","P33",3
"4453","P33",2
"4454","P33",0
"4455","P33",2
"4456","P33",4
"4457","P33",0
"4458","P33",0
"4459","P33",4
"4460","P33",0
"4461","P33",0
"4462","P33",0
"4463","P33",0
"4464","P33",2
"4465","P33",0
"4466","P33",0
"4467","P33",0
"4468","P33",0
"4469","P33",0
"4470","P33",0
"4471","P33",0
"4472","P33",0
"4473","P33",0
"4474","P33",0
"4475","P33",5
"4476","P33",0
"4477","P33",0
"4478","P33",0
"4479","P33",0
"4480","P33",0
"4481","P33",0
"4482","P33",0
"4483","P33",0
"4484","P33",0
"4485","P33",0
"4486","P33",0
"4487","P33",2
"4488","P33",2
"4489","P33",0
"4490","P33",0
"4491","P33",2
"4492","P33",4
"4493","P33",0
"4494","P33",0
"4495","P33",0
"4496","P33",0
"4497","P33",0
"4498","P33",0
"4499","P33",0
"4500","P33",0
"4501","P33",0
"4502","P33",0
"4503","P33",0
"4504","P33",0
"4505","P33",0
"4506","P33",2
"4507","P33",0
"4508","P33",0
"4509","P33",0
"4510","P33",4
"4511","P33",0
"4512","P33",0
"4513","P33",3
"4514","P33",0
"4515","P33",0
"4516","P33",3
"4517","P33",0
"4518","P33",6
"4519","P33",4
"4520","P33",0
"4521","P33",0
"4522","P34",5
"4523","P34",3
"4524","P34",0
"4525","P34",4
"4526","P34",0
"4527","P34",0
"4528","P34",3
"4529","P34",0
"4530","P34",0
"4531","P34",0
"4532","P34",0
"4533","P34",3
"4534","P34",0
"4535","P34",0
"4536","P34",0
"4537","P34",12
"4538","P34",0
"4539","P34",0
"4540","P34",0
"4541","P34",0
"4542","P34",0
"4543","P34",0
"4544","P34",0
"4545","P34",0
"4546","P34",4
"4547","P34",0
"4548","P34",3
"4549","P34",3
"4550","P34",3
"4551","P34",18
"4552","P34",0
"4553","P34",3
"4554","P34",2
"4555","P34",5
"4556","P34",0
"4557","P34",0
"4558","P34",3
"4559","P34",0
"4560","P34",24
"4561","P34",18
"4562","P34",0
"4563","P34",18
"4564","P34",0
"4565","P34",0
"4566","P34",0
"4567","P34",18
"4568","P34",0
"4569","P34",4
"4570","P34",12
"4571","P34",0
"4572","P34",3
"4573","P34",2
"4574","P34",3
"4575","P34",0
"4576","P34",4
"4577","P34",0
"4578","P34",4
"4579","P34",0
"4580","P34",0
"4581","P34",3
"4582","P34",3
"4583","P34",5
"4584","P34",4
"4585","P34",18
"4586","P34",0
"4587","P34",0
"4588","P34",3
"4589","P34",4
"4590","P34",2
"4591","P34",0
"4592","P34",3
"4593","P34",18
"4594","P34",0
"4595","P34",0
"4596","P34",18
"4597","P34",0
"4598","P34",0
"4599","P34",0
"4600","P34",0
"4601","P34",3
"4602","P34",0
"4603","P34",0
"4604","P34",0
"4605","P34",0
"4606","P34",0
"4607","P34",0
"4608","P34",0
"4609","P34",0
"4610","P34",0
"4611","P34",0
"4612","P34",4
"4613","P34",0
"4614","P34",0
"4615","P34",0
"4616","P34",0
"4617","P34",0
"4618","P34",0
"4619","P34",0
"4620","P34",0
"4621","P34",0
"4622","P34",0
"4623","P34",0
"4624","P34",4
"4625","P34",3
"4626","P34",0
"4627","P34",0
"4628","P34",3
"4629","P34",2
"4630","P34",0
"4631","P34",0
"4632","P34",0
"4633","P34",0
"4634","P34",0
"4635","P34",0
"4636","P34",0
"4637","P34",0
"4638","P34",0
"4639","P34",0
"4640","P34",0
"4641","P34",0
"4642","P34",0
"4643","P34",3
"4644","P34",0
"4645","P34",0
"4646","P34",0
"4647","P34",4
"4648","P34",0
"4649","P34",0
"4650","P34",4
"4651","P34",0
"4652","P34",0
"4653","P34",4
"4654","P34",0
"4655","P34",18
"4656","P34",24
"4657","P34",0
"4658","P34",0
"4659","P35",4
"4660","P35",4
"4661","P35",0
"4662","P35",4
"4663","P35",0
"4664","P35",0
"4665","P35",5
"4666","P35",0
"4667","P35",0
"4668","P35",0
"4669","P35",0
"4670","P35",4
"4671","P35",0
"4672","P35",0
"4673","P35",0
"4674","P35",3
"4675","P35",0
"4676","P35",0
"4677","P35",0
"4678","P35",0
"4679","P35",0
"4680","P35",0
"4681","P35",0
"4682","P35",0
"4683","P35",4
"4684","P35",0
"4685","P35",4
"4686","P35",4
"4687","P35",5
"4688","P35",3
"4689","P35",0
"4690","P35",4
"4691","P35",1
"4692","P35",5
"4693","P35",0
"4694","P35",0
"4695","P35",4
"4696","P35",0
"4697","P35",15
"4698","P35",12
"4699","P35",0
"4700","P35",12
"4701","P35",0
"4702","P35",0
"4703","P35",0
"4704","P35",12
"4705","P35",0
"4706","P35",4
"4707","P35",12
"4708","P35",0
"4709","P35",4
"4710","P35",4
"4711","P35",5
"4712","P35",0
"4713","P35",4
"4714","P35",0
"4715","P35",4
"4716","P35",0
"4717","P35",0
"4718","P35",4
"4719","P35",4
"4720","P35",4
"4721","P35",5
"4722","P35",12
"4723","P35",0
"4724","P35",0
"4725","P35",4
"4726","P35",4
"4727","P35",2
"4728","P35",0
"4729","P35",4
"4730","P35",12
"4731","P35",0
"4732","P35",0
"4733","P35",12
"4734","P35",0
"4735","P35",0
"4736","P35",0
"4737","P35",0
"4738","P35",4
"4739","P35",0
"4740","P35",0
"4741","P35",0
"4742","P35",0
"4743","P35",0
"4744","P35",0
"4745","P35",0
"4746","P35",0
"4747","P35",0
"4748","P35",0
"4749","P35",5
"4750","P35",0
"4751","P35",0
"4752","P35",0
"4753","P35",0
"4754","P35",0
"4755","P35",0
"4756","P35",0
"4757","P35",0
"4758","P35",0
"4759","P35",0
"4760","P35",0
"4761","P35",5
"4762","P35",4
"4763","P35",0
"4764","P35",0
"4765","P35",4
"4766","P35",5
"4767","P35",0
"4768","P35",0
"4769","P35",0
"4770","P35",0
"4771","P35",0
"4772","P35",0
"4773","P35",0
"4774","P35",0
"4775","P35",0
"4776","P35",0
"4777","P35",0
"4778","P35",0
"4779","P35",0
"4780","P35",1
"4781","P35",0
"4782","P35",0
"4783","P35",0
"4784","P35",4
"4785","P35",0
"4786","P35",0
"4787","P35",4
"4788","P35",0
"4789","P35",0
"4790","P35",5
"4791","P35",0
"4792","P35",12
"4793","P35",12
"4794","P35",0
"4795","P35",0
"4796","P36",3
"4797","P36",4
"4798","P36",0
"4799","P36",5
"4800","P36",0
"4801","P36",0
"4802","P36",4
"4803","P36",0
"4804","P36",0
"4805","P36",0
"4806","P36",0
"4807","P36",4
"4808","P36",0
"4809","P36",0
"4810","P36",0
"4811","P36",16
"4812","P36",0
"4813","P36",0
"4814","P36",0
"4815","P36",0
"4816","P36",0
"4817","P36",0
"4818","P36",0
"4819","P36",0
"4820","P36",5
"4821","P36",0
"4822","P36",3
"4823","P36",3
"4824","P36",4
"4825","P36",16
"4826","P36",0
"4827","P36",3
"4828","P36",3
"4829","P36",5
"4830","P36",0
"4831","P36",0
"4832","P36",2
"4833","P36",0
"4834","P36",20
"4835","P36",12
"4836","P36",0
"4837","P36",12
"4838","P36",0
"4839","P36",0
"4840","P36",0
"4841","P36",16
"4842","P36",0
"4843","P36",3
"4844","P36",12
"4845","P36",0
"4846","P36",3
"4847","P36",3
"4848","P36",5
"4849","P36",0
"4850","P36",3
"4851","P36",0
"4852","P36",3
"4853","P36",0
"4854","P36",0
"4855","P36",3
"4856","P36",4
"4857","P36",3
"4858","P36",4
"4859","P36",16
"4860","P36",0
"4861","P36",0
"4862","P36",3
"4863","P36",3
"4864","P36",3
"4865","P36",0
"4866","P36",3
"4867","P36",12
"4868","P36",0
"4869","P36",0
"4870","P36",12
"4871","P36",0
"4872","P36",0
"4873","P36",0
"4874","P36",0
"4875","P36",3
"4876","P36",0
"4877","P36",0
"4878","P36",0
"4879","P36",0
"4880","P36",0
"4881","P36",0
"4882","P36",0
"4883","P36",0
"4884","P36",0
"4885","P36",0
"4886","P36",5
"4887","P36",0
"4888","P36",0
"4889","P36",0
"4890","P36",0
"4891","P36",0
"4892","P36",0
"4893","P36",0
"4894","P36",0
"4895","P36",0
"4896","P36",0
"4897","P36",0
"4898","P36",5
"4899","P36",3
"4900","P36",0
"4901","P36",0
"4902","P36",3
"4903","P36",3
"4904","P36",0
"4905","P36",0
"4906","P36",0
"4907","P36",0
"4908","P36",0
"4909","P36",0
"4910","P36",0
"4911","P36",0
"4912","P36",0
"4913","P36",0
"4914","P36",0
"4915","P36",0
"4916","P36",0
"4917","P36",3
"4918","P36",0
"4919","P36",0
"4920","P36",0
"4921","P36",3
"4922","P36",0
"4923","P36",0
"4924","P36",4
"4925","P36",0
"4926","P36",0
"4927","P36",5
"4928","P36",0
"4929","P36",12
"4930","P36",16
"4931","P36",0
"4932","P36",0
"4933","P37",4
"4934","P37",1
"4935","P37",0
"4936","P37",3
"4937","P37",0
"4938","P37",0
"4939","P37",4
"4940","P37",0
"4941","P37",0
"4942","P37",0
"4943","P37",0
"4944","P37",2
"4945","P37",0
"4946","P37",0
"4947","P37",0
"4948","P37",4
"4949","P37",0
"4950","P37",0
"4951","P37",0
"4952","P37",0
"4953","P37",0
"4954","P37",0
"4955","P37",0
"4956","P37",0
"4957","P37",2
"4958","P37",0
"4959","P37",2
"4960","P37",2
"4961","P37",4
"4962","P37",6
"4963","P37",0
"4964","P37",3
"4965","P37",3
"4966","P37",3
"4967","P37",0
"4968","P37",0
"4969","P37",3
"4970","P37",0
"4971","P37",6
"4972","P37",2
"4973","P37",0
"4974","P37",6
"4975","P37",0
"4976","P37",0
"4977","P37",0
"4978","P37",8
"4979","P37",0
"4980","P37",4
"4981","P37",4
"4982","P37",0
"4983","P37",1
"4984","P37",3
"4985","P37",1
"4986","P37",0
"4987","P37",1
"4988","P37",0
"4989","P37",2
"4990","P37",0
"4991","P37",0
"4992","P37",3
"4993","P37",3
"4994","P37",2
"4995","P37",5
"4996","P37",6
"4997","P37",0
"4998","P37",0
"4999","P37",1
"5000","P37",1
"5001","P37",3
"5002","P37",0
"5003","P37",4
"5004","P37",2
"5005","P37",0
"5006","P37",0
"5007","P37",2
"5008","P37",0
"5009","P37",0
"5010","P37",0
"5011","P37",0
"5012","P37",1
"5013","P37",0
"5014","P37",0
"5015","P37",0
"5016","P37",0
"5017","P37",0
"5018","P37",0
"5019","P37",0
"5020","P37",0
"5021","P37",0
"5022","P37",0
"5023","P37",4
"5024","P37",0
"5025","P37",0
"5026","P37",0
"5027","P37",0
"5028","P37",0
"5029","P37",0
"5030","P37",0
"5031","P37",0
"5032","P37",0
"5033","P37",0
"5034","P37",0
"5035","P37",4
"5036","P37",1
"5037","P37",0
"5038","P37",0
"5039","P37",3
"5040","P37",2
"5041","P37",0
"5042","P37",0
"5043","P37",0
"5044","P37",0
"5045","P37",0
"5046","P37",0
"5047","P37",0
"5048","P37",0
"5049","P37",0
"5050","P37",0
"5051","P37",0
"5052","P37",0
"5053","P37",0
"5054","P37",3
"5055","P37",0
"5056","P37",0
"5057","P37",0
"5058","P37",5
"5059","P37",0
"5060","P37",0
"5061","P37",3
"5062","P37",0
"5063","P37",0
"5064","P37",3
"5065","P37",0
"5066","P37",6
"5067","P37",2
"5068","P37",0
"5069","P37",0
"5070","revenue",5653753
"5071","revenue",4554237
"5072","revenue",4952255
"5073","revenue",5966193
"5074","revenue",8213524
"5075","revenue",7495092
"5076","revenue",5166635
"5077","revenue",4491607
"5078","revenue",1149870
"5079","revenue",8630682
"5080","revenue",3426169
"5081","revenue",5161370
"5082","revenue",6782425
"5083","revenue",4807746
"5084","revenue",4052733
"5085","revenue",3218918
"5086","revenue",19696939
"5087","revenue",3982767
"5088","revenue",3004429
"5089","revenue",3600467
"5090","revenue",9652350
"5091","revenue",4100886
"5092","revenue",16549064
"5093","revenue",4590423
"5094","revenue",8904084
"5095","revenue",5461700
"5096","revenue",3818055
"5097","revenue",6836483
"5098","revenue",4705945
"5099","revenue",4286645
"5100","revenue",2390534
"5101","revenue",2058644
"5102","revenue",3784230
"5103","revenue",13575224
"5104","revenue",5906596
"5105","revenue",4350573
"5106","revenue",2364478
"5107","revenue",4066618
"5108","revenue",2551252
"5109","revenue",1847826
"5110","revenue",3780019
"5111","revenue",4136425
"5112","revenue",6941173
"5113","revenue",7217634
"5114","revenue",6694797
"5115","revenue",4882985
"5116","revenue",3727364
"5117","revenue",3836721
"5118","revenue",5500818
"5119","revenue",6363241
"5120","revenue",2525375
"5121","revenue",4250758
"5122","revenue",7865428
"5123","revenue",3445076
"5124","revenue",4250553
"5125","revenue",1756069
"5126","revenue",5337526
"5127","revenue",9262754
"5128","revenue",8894598
"5129","revenue",3903884
"5130","revenue",6313221
"5131","revenue",4467728
"5132","revenue",4952497
"5133","revenue",2954086
"5134","revenue",3347767
"5135","revenue",2383840
"5136","revenue",2267425
"5137","revenue",2740687
"5138","revenue",2156098
"5139","revenue",3199619
"5140","revenue",4264176
"5141","revenue",3871344
"5142","revenue",5017319
"5143","revenue",3028267
"5144","revenue",3164972
"5145","revenue",1734634
"5146","revenue",3810007
"5147","revenue",1904842
"5148","revenue",2732645
"5149","revenue",2018785
"5150","revenue",3447890
"5151","revenue",6923131
"5152","revenue",4219263
"5153","revenue",3752885
"5154","revenue",2025297
"5155","revenue",3258837
"5156","revenue",4888774
"5157","revenue",4067566
"5158","revenue",2792031
"5159","revenue",3261924
"5160","revenue",4758476
"5161","revenue",4263629
"5162","revenue",3351383
"5163","revenue",1999097
"5164","revenue",5435276
"5165","revenue",7592272
"5166","revenue",2083447
"5167","revenue",2344689
"5168","revenue",6412623
"5169","revenue",2055379
"5170","revenue",2738052
"5171","revenue",5444227
"5172","revenue",5525735
"5173","revenue",4155435
"5174","revenue",3778621
"5175","revenue",3939804
"5176","revenue",4316715
"5177","revenue",4015749
"5178","revenue",1619683
"5179","revenue",2993069
"5180","revenue",3807496
"5181","revenue",3273041
"5182","revenue",3956086
"5183","revenue",7201784
"5184","revenue",2544857
"5185","revenue",3745135
"5186","revenue",1882131
"5187","revenue",3452382
"5188","revenue",3570392
"5189","revenue",4651866
"5190","revenue",3376145
"5191","revenue",5286212
"5192","revenue",2021934
"5193","revenue",3008199
"5194","revenue",2999068
"5195","revenue",3753720
"5196","revenue",5595267
"5197","revenue",1270499
"5198","revenue",3248660
"5199","revenue",2371202
"5200","revenue",2097022
"5201","revenue",3410878
"5202","revenue",4429512
"5203","revenue",2675511
"5204","revenue",4780607
"5205","revenue",5787594
"5206","revenue",1763231
